customer_id,first_name,last_name,street_address,city,state,zip,created_on
0,Jonathan,Russell,069 Park Hills Suite 575,North Carolport,IA,90143,1995-09-24
1,Bryan,Thompson,3048 Juarez Ports,Lake Stevenburgh,DC,07566,2000-07-02
2,Michael,Stein,69940 Kimberly Parkways Suite 961,Angelicashire,NY,31483,1977-03-22
3,Bobby,Lopez,71632 Shannon Flat,Holtview,MD,53285,2014-08-30
4,Brian,Carter,485 Powers Turnpike,Port Chelseafurt,PA,94588,2004-08-06
5,Carrie,Morales,68058 Theodore Summit Apt. 004,South Robinburgh,IL,55164,2008-05-13
6,Sherri,Hamilton,20840 Nancy Ports,Lake Christineland,MT,29082,1985-03-18
7,Sabrina,Cole,45544 Michelle Meadows,East Tommy,IA,84733,1974-09-30
8,Daniel,Moore,294 Carmen Spur,West Adamtown,AR,39111,2003-05-15
9,Jim,Wyatt,5202 Smith View Apt. 104,East Paul,WV,38740,1991-06-23
10,Jose,Chapman,5406 Nunez Islands Suite 354,Pattonmouth,VA,36041,1997-12-10
11,Lisa,Hoffman,1282 Foley Underpass,East Zachary,AZ,62232,2013-04-26
12,Ryan,Robinson,83255 Gordon Streets Apt. 440,Vaughanton,DE,50953,1995-11-18
13,Carmen,Lee,0327 Misty Fall,Tiffanyville,ME,49603,1991-06-12
14,Jim,Moody,95364 Watkins Valley Apt. 566,Kevinburgh,VA,63986,2007-10-11
15,Roger,Rodriguez,54563 Tiffany Plains Apt. 569,Jenkinsshire,IA,01817,1979-11-11
16,Kimberly,Scott,233 Cody Ville,West Ashleyton,IL,19933,1990-12-30
17,James,Cooper,711 Stacy Rest,Bennetthaven,MD,20203,2009-05-29
18,Gloria,Oconnor,85091 Dan Extension,Brianville,MN,65755,1970-09-03
19,Randall,Chavez,02809 Jacobs Club Suite 559,Gwendolynborough,CA,72172,1976-05-25
20,Nathaniel,Sandoval,13821 Teresa Turnpike Apt. 485,Lake Stephen,OH,69612,2006-03-28
21,Ryan,Rodriguez,20795 Caitlin Tunnel,Lake Brendafurt,SC,61634,1992-06-14
22,Rachel,Dudley,989 Sherman Lights Apt. 650,Joybury,MI,18223,1971-04-25
23,Cody,Davis,549 Bruce Skyway,Anthonyberg,NV,16298,1971-12-10
24,Yvette,Sims,62541 Anderson Ville,Stephanieland,ID,14689,1999-03-27
25,Bradley,Harris,28393 Campbell Gateway,Ericton,NY,91803,1984-01-27
26,Joseph,Rice,305 Maureen Creek Apt. 677,Joshuaport,NE,62473,2001-06-18
27,Brian,Dunn,3960 Mario Flat Suite 734,South David,AZ,07013,1973-08-11
28,Matthew,Garcia,25823 Robert Circles,Calebfort,TN,56985,2002-12-30
29,James,Mccall,78569 Mark Mount,Jamesside,ID,40814,1996-05-28
30,Amber,Pratt,419 George Stream,South Christopher,OH,14509,1988-01-04
31,Christopher,Houston,182 Taylor Junctions Apt. 990,North Jameshaven,ND,78336,1995-11-09
32,Joy,Hutchinson,021 Jonathon Extensions,Johnsonfurt,VT,00566,1986-06-18
33,Linda,Fisher,936 Kevin Centers,Markmouth,IL,54932,1982-03-10
34,Megan,Norton,8225 Robert Avenue Apt. 722,South James,SD,21829,2000-10-03
35,Ann,Jackson,9606 Amanda Knoll,Mcdonaldborough,NM,40119,1977-04-16
36,Lisa,Yoder,15608 Jennifer Prairie,East Andrewberg,MT,73733,1992-07-03
37,Juan,Ayers,67715 Christine Canyon Suite 701,South Eric,MT,51198,1977-11-20
38,Jimmy,Taylor,6926 Julie Terrace Suite 509,Latoyamouth,MD,99322,1989-01-14
39,Todd,Houston,3836 Theodore Passage Apt. 070,West Ericborough,AK,38846,2009-10-17
40,Kevin,Rios,165 Rios Row Apt. 869,Coxchester,LA,06586,1997-09-22
41,Desiree,Brown,01496 Bailey Mission,South Lauraland,AK,31102,2016-05-06
42,Mason,Nguyen,091 Lisa Mountain,West Amber,NY,14740,1990-03-01
43,Jason,Johnson,6615 Jillian Shore,South Zachary,RI,25262,2013-04-09
44,Maria,Sullivan,30315 Schneider Falls,Makaylamouth,IA,23388,1977-05-02
45,Jose,Welch,49105 Melissa Wall,Port Alexander,WV,37136,1995-05-11
46,David,Williams,741 Long Loop,Josephmouth,MT,62857,1971-04-17
47,Jeremy,Nguyen,863 Andrew Harbor Suite 636,North Gabriellamouth,SC,39101,1999-06-23
48,Daniel,Porter,562 Matthew Rapids,Cartertown,KY,76396,1983-12-24
49,Richard,Smith,9987 Taylor Burg Suite 326,Michaelville,SC,71987,2001-01-18
50,Jeffrey,Shaffer,60756 Timothy Passage Apt. 137,Cynthiaburgh,AR,47449,2002-10-02
51,Christina,Wilson,694 Carroll Oval,Schwartzchester,CA,24084,1995-08-08
52,Christopher,Garcia,395 Hall Junctions,Westmouth,TX,36772,2008-05-13
53,Christopher,Carter,632 Miller Ranch,Jessicatown,TN,14819,1994-12-05
54,Jessica,Evans,21309 Jessica Rue Apt. 384,Salazarmouth,HI,38255,1997-04-06
55,Kristy,Hamilton,6431 Bell Knoll,Smithville,NH,80731,2003-07-20
56,Edward,Lyons,726 Henderson Drive Suite 904,Lindashire,NJ,88435,2007-04-27
57,Shelley,Haynes,8842 Mccarthy View,Ricardoshire,CO,84811,1990-02-01
58,Sarah,Miller,164 Heather Flat,South Danielberg,OR,86013,1970-03-18
59,Tamara,Davenport,517 Denise Crest Apt. 338,East Heathermouth,AR,89453,2010-10-13
60,Paula,Gregory,34974 Mays Shoals Suite 546,West Jonathan,UT,03871,1986-08-29
61,Susan,Deleon,482 Annette Coves Suite 194,Oliviaton,AR,65920,1981-08-23
62,Lisa,Jones,020 Gina Brook Apt. 949,South Albertport,NJ,38658,1976-03-21
63,Nicole,Martin,59711 Richard Curve,North Collinland,MT,80804,1987-02-11
64,Jennifer,Edwards,444 Angelica Squares Apt. 873,South Emily,NJ,05633,2011-04-09
65,Jessica,Robertson,173 Andrade Passage,South Michael,WY,90926,1992-04-22
66,Michael,Holland,5672 Sally Drives Apt. 477,New Stephenshire,RI,37256,2011-01-28
67,Joshua,Smith,288 Nicholas Summit,Port Diane,CT,67560,2005-10-05
68,Anna,Avila,258 Bishop Lodge,East James,IA,58290,2004-05-17
69,Michael,Roberts,164 Myers Flats Suite 234,East Joseph,AZ,66153,1981-11-09
70,Christopher,Patterson,93053 Everett Landing Suite 640,New Rhonda,AZ,46654,2002-03-27
71,Bryan,Burke,312 Crosby Via,New Vanessa,NC,97032,2001-12-22
72,Melissa,Keith,28180 Adam Courts,South Lisa,WY,56570,1971-07-13
73,Jimmy,Glenn,8429 Scott Grove Suite 519,North Austin,ND,67510,2008-02-26
74,Sandra,Powell,68730 Cheryl Springs Apt. 192,Josephtown,AZ,44671,2012-03-07
75,Sierra,Lloyd,6224 William Mews Suite 084,North Alexandra,AZ,03558,1982-09-19
76,Andrew,Martinez,7155 Frederick Roads Suite 658,East Gwendolynland,GA,89272,1977-04-09
77,Danielle,White,8483 Jacqueline Ferry,Marcfort,CA,93821,1970-01-20
78,Bradley,Patterson,452 Spencer Camp,East Michaelland,HI,51025,2018-03-03
79,Phillip,Dunn,650 Brooks Lake Apt. 282,New Kennethmouth,MT,02156,1979-07-28
80,Stephen,Parsons,3780 Amanda Stravenue Suite 235,East Madeline,UT,82518,1994-03-10
81,Gregory,Lewis,9523 Susan Estates Apt. 932,East Angelica,OR,10817,1983-06-24
82,Alisha,Cardenas,8239 Hernandez Course Apt. 170,Nataliestad,OK,10600,1992-04-23
83,Scott,Davis,7386 Sandy Fords,Lake Caitlinfort,SC,15384,1983-09-29
84,Joseph,Allison,38158 Sarah Key Apt. 571,Romerofort,PA,63946,2019-02-03
85,Isabella,Villa,89491 Jacobson Mountains Apt. 234,Shannonfurt,CA,08934,2001-02-19
86,Jennifer,Johns,362 Romero Crossroad Suite 282,South Brian,TN,76062,2011-09-11
87,Angel,Yoder,020 Tiffany Wall Suite 536,West Codyport,RI,08284,1972-06-30
88,Julie,West,145 Sheri Ferry Apt. 074,New Brett,NH,93790,1990-09-14
89,Brian,Merritt,2399 Cabrera Court,Jacksonchester,VT,60782,1973-07-06
90,Robert,Mcdowell,0657 Ortiz Inlet,Port Rachel,DE,69503,1970-03-15
91,John,Pearson,410 White Drives,West Wendy,GA,55632,1987-10-21
92,Stacy,Carter,840 Riddle Passage Apt. 078,South Andrew,NV,29989,1971-04-13
93,Zachary,Nolan,6597 Smith Port,Sanchezmouth,AZ,83928,1983-09-03
94,Austin,Deleon,85248 Nicole Tunnel,Ritaport,MA,59449,1972-06-13
95,Stacey,Vasquez,5688 Dustin Underpass,East Brucemouth,MA,35756,2012-05-09
96,Heidi,Moore,45704 Lisa Light Suite 722,New Kristinmouth,MT,71980,2000-10-30
97,Megan,Roberts,7807 Sanford Squares,Arnoldfort,NV,94599,1989-02-02
98,Kathryn,Anderson,263 Velasquez Shores,Lake Jeffreychester,KS,56718,2006-01-23
99,Cheryl,Bryant,7587 Cassandra Bridge,Thompsonfurt,NJ,04931,1996-03-06
100,Cheryl,Norris,34018 Adam Lakes,Maryville,TN,67454,1981-08-25
101,Kayla,Ali,19827 Brian Highway,Lake Normanton,WY,77771,1974-08-09
102,Cody,Mejia,57028 Flores Streets,North Jameston,NM,06085,1999-05-28
103,Sarah,Hayes,747 Brandon Stravenue,West Jennifer,NE,45697,1989-06-06
104,James,Green,2326 Dorsey Meadows Suite 149,Seanhaven,FL,99091,2009-05-17
105,Todd,Zimmerman,725 Jimenez Meadow,New Noahchester,SD,17507,1985-10-05
106,Laurie,White,644 Gregory Harbor Suite 326,Boydburgh,NH,30157,1997-10-05
107,Dennis,Mills,717 Joe Pike Apt. 152,North Jeremystad,RI,39429,1986-12-27
108,Mary,Wilson,328 Peterson Alley Apt. 958,Lake Jessica,VA,33675,1970-08-05
109,Debra,King,9785 Jocelyn Fork Apt. 411,South Hollyshire,HI,91571,1992-09-10
110,Jonathan,Shaw,02340 Fisher Turnpike,Castrofort,IA,85091,1997-08-31
111,Julie,Johnston,52293 Charles Gardens Suite 056,Port Cheryl,OK,05336,1986-08-16
112,Frederick,Hardy,528 Kelly Spur Apt. 880,Kaylastad,CT,03372,1970-05-18
113,William,Moreno,3928 Terry Unions,Lake Dennisshire,TN,56957,1975-12-10
114,Valerie,Paul,22235 Lopez Trace,Tuckermouth,SD,39887,1975-09-03
115,Robert,Welch,97916 Austin Trace,West Eric,VA,64243,2017-05-19
116,Patricia,Howard,8125 Johnson Throughway,Lake Lisa,AR,63923,2004-11-09
117,Amber,Sanders,29861 Diane Manors,Marciafurt,UT,73662,1978-04-27
118,Roger,Hays,3890 Torres Valley Suite 394,New Erikton,IA,71877,1991-05-01
119,Jessica,Lee,3727 Robin Camp,Danielmouth,NJ,39544,2000-04-15
120,Steven,Gilbert,752 Dylan Glens Suite 330,Port Christinehaven,MT,85416,1978-12-11
121,Amy,Blair,14533 Denise Isle Apt. 584,Lake Michaelhaven,NH,89882,2014-02-17
122,Mario,Nguyen,91593 Wright Keys,Josephville,VT,31938,1991-07-06
123,Joshua,Hart,9307 Baker Ridge,Port Jonathanburgh,HI,93520,1974-05-24
124,Cory,Williams,29719 Robinson Road,Cardenasport,VT,13074,1987-09-20
125,David,Bryant,80467 Stephanie Vista Suite 566,Port Jamesport,OK,83177,2002-09-05
126,Grant,Skinner,6270 Hayes Creek,Benjaminland,ME,00721,2004-04-07
127,Hannah,Walker,25556 Valdez Pike Suite 989,Kathleenmouth,RI,24128,1992-10-25
128,Kyle,Schneider,39929 Love Village,Kevinbury,AZ,29690,2002-02-18
129,Bobby,Nelson,24082 Robert Landing Apt. 864,North Melissaport,NH,82476,1972-06-16
130,Jennifer,Jackson,308 Roger Orchard,Penningtonhaven,OR,49199,1982-01-17
131,Katherine,Miller,9461 Brown Ranch Suite 027,Ramirezville,ID,46139,2000-09-14
132,Michael,Johnson,1138 Brown Ford Suite 088,North Virginiaberg,OH,24912,1997-08-27
133,Joseph,Santiago,21134 James Turnpike,Banksville,TX,01367,1979-06-13
134,Sherri,Thompson,20872 Katherine Pike Apt. 137,Davidville,TN,38096,2011-05-30
135,Emily,Allen,6641 Theodore Grove,Wolfefort,AR,98950,1995-07-20
136,Molly,Powell,6035 Dalton Squares Suite 306,Hahnburgh,KY,59141,2010-03-21
137,Kyle,Sexton,009 Valerie Light Apt. 741,Clarkstad,OH,14769,1982-08-28
138,Daniel,Figueroa,57395 Myers Island Apt. 673,Mcphersonborough,ID,25185,1993-07-10
139,Tony,Davis,17382 Coleman Cape,Popeshire,IA,75948,1997-12-16
140,Sarah,Barnes,625 Samuel Parkway,Matthewhaven,MT,68477,1976-03-13
141,Ashley,Garcia,48180 Mccullough Island,Sarahville,ND,44526,2015-03-05
142,John,Lewis,06909 Samantha Passage Apt. 888,North Michelletown,WA,63426,1995-08-22
143,Kendra,George,7268 Jesse Centers Suite 685,West Duane,ND,91187,2018-12-20
144,Aaron,James,88430 Dunlap Isle,Lake Joseph,AR,31246,2002-05-16
145,Linda,Garrett,9869 Amanda Mountain,Nelsonton,UT,10698,2019-04-05
146,David,Rodgers,8622 Ryan Glens,Lindaburgh,NM,12210,1982-12-15
147,Renee,Bradley,52465 Sean Street Apt. 679,North Seth,FL,18026,2019-01-10
148,Jennifer,Logan,385 Huang Lake Apt. 206,Lake Joseph,NM,96743,2007-03-15
149,Wendy,Anderson,63372 Reynolds Turnpike Suite 992,Justinville,WA,19626,2004-11-29
150,Joseph,Randall,09114 Anita Manors,West Coryberg,OH,06988,2005-06-01
151,Christopher,Powell,35563 Jones Centers,Jensenside,MI,63212,1987-09-18
152,Marie,Herrera,75553 Hopkins Divide,Zacharyport,WI,55827,2018-11-18
153,Steven,Carey,58247 Hernandez Lodge Apt. 690,Lake Thomasstad,AZ,56604,1972-11-17
154,Sharon,Quinn,4054 Davis Vista Suite 391,Lake Heathershire,WA,05500,1973-03-22
155,Robin,Simmons,50885 Joseph Overpass,East Stacystad,KY,20810,2004-06-24
156,Carmen,Mcdonald,6810 Denise Wall,South Carmenfurt,OK,55130,2004-05-10
157,Joseph,Jones,5479 Michael Greens Apt. 112,Shawview,SC,71683,1997-02-12
158,Amy,Ford,0704 Michelle Ville Suite 994,Kevinhaven,PA,56520,2001-04-24
159,Heather,Johnson,4830 Smith Greens Apt. 961,Port Carlaview,HI,77185,1988-05-26
160,Peter,Hill,07904 Martin Mission Suite 750,Mitchellport,NM,65214,2017-11-24
161,Patrick,Lopez,068 Lisa Summit Suite 111,South Michealtown,MI,88583,1975-05-03
162,Alicia,Watts,68026 Ryan Fall Apt. 624,Petersonborough,IA,64514,1970-10-26
163,John,Phillips,500 Daniel Mall Suite 088,Markton,NM,87226,2011-03-23
164,Jeff,Ward,99992 Warren Ways,New Gregorymouth,TN,73584,2001-12-15
165,Tanner,Mcdonald,514 Rubio Forge Apt. 823,Brookechester,MS,04772,1992-07-14
166,Victoria,Martin,6346 Castaneda Falls Suite 706,West Austin,ND,45906,1995-08-18
167,James,Cochran,99110 Michael Squares,New Andrew,NV,55184,2003-05-20
168,Desiree,Nguyen,164 Chan View Suite 281,Lake Christineland,AK,83688,1971-05-11
169,Brian,Powell,2787 Grimes Canyon Suite 526,Hendersontown,NJ,53810,1983-06-04
170,Amanda,Davis,35278 Spears Manors Suite 757,New Bonnieborough,NV,53966,2002-04-06
171,Teresa,Rodriguez,50790 Boyer Ways,East Debbiehaven,WY,05662,2010-11-20
172,Christopher,Martinez,01086 Livingston Drives,Port Gregoryton,NJ,23519,1988-10-19
173,Deanna,Jones,1442 Vanessa Road Suite 098,Jimmyside,OH,83192,1986-02-02
174,Marissa,Rodriguez,365 Thompson Valley,Lake Daryl,CT,15386,1990-01-09
175,Kevin,Green,93124 Chad Manor,Goodmanbury,PA,44014,1999-01-28
176,Patrick,Le,589 Wilson Motorway,Lake Sierraside,CA,70255,1970-04-18
177,Gregory,Taylor,3000 Schneider Harbor Suite 637,East Johnshire,LA,42253,2003-10-03
178,Frank,Rubio,28083 Harris Spring Suite 479,Derekside,OH,16809,2009-04-10
179,Mary,Russell,4361 Morales Rapids Suite 053,Jameston,RI,38078,1985-09-24
180,Holly,Mccullough,06129 Snow Crest Suite 939,Lawsonhaven,UT,19596,1990-09-14
181,Kimberly,Craig,1144 Jackson Locks,New Tinaburgh,AR,62763,1970-11-23
182,Anthony,Johnson,61214 Jesse Squares Suite 048,Timothyview,ME,04742,1990-02-27
183,Ana,Ray,542 Nunez Parkways Suite 943,South Chadbury,RI,14857,2009-01-04
184,Melissa,Ellis,107 Gallagher Extension,Chapmantown,WA,64474,2012-04-18
185,Samantha,Villa,178 Rogers Loaf Apt. 089,West Charlotteburgh,CA,10777,2012-04-14
186,Larry,Haas,836 Branch Mount,Port Cynthiaville,MO,32155,1999-04-05
187,Barbara,Lee,864 Brian Stream,Samuelville,NY,46529,1983-04-04
188,Stephen,Marsh,31113 Andrea Lodge,Housemouth,UT,09910,1971-02-07
189,Eric,Johnson,31932 Robinson Fort,New Gavin,WV,86331,2019-07-29
190,Kelly,Young,692 Freeman Meadow,South Heather,TX,82238,2013-11-24
191,Dakota,Peterson,972 Nicholas Plaza,Williamsfort,AL,96299,1982-09-28
192,Benjamin,Perez,620 Jacob Causeway,Mathewsland,AL,59382,2017-09-14
193,Amanda,Long,5872 Gutierrez Square,North Sharonton,UT,68086,1973-01-06
194,Natalie,Gordon,8429 David Roads Suite 979,East Cassandra,KS,84793,1988-05-14
195,Taylor,Sims,8802 Alexander Rapids,Lopezville,RI,96761,1986-11-09
196,Raymond,Williams,8341 Andrew Points,Port Mark,MS,25981,1997-02-11
197,Amanda,Banks,68825 Johnson Lakes Suite 304,Andersonside,AR,37923,1978-10-27
198,Stephanie,Wilson,718 Clark Motorway,South Jenniferchester,PA,45306,1973-07-05
199,Christy,Garcia,20107 Crystal Turnpike,Lake Cynthiaside,SC,08061,1986-05-27
200,Matthew,Baker,9844 Gonzalez Harbors Suite 585,North Melissaport,NE,52696,1995-02-01
201,Aaron,Smith,7016 William Estates,Angelastad,FL,87004,1988-04-26
202,Lindsey,Jenkins,1823 Gallagher Junctions,Craigland,AK,74664,2007-11-27
203,Samantha,Young,60053 Jennifer Loaf,East Greg,MD,34581,2013-06-10
204,Jessica,Young,9750 Richardson Vista Apt. 410,Barryborough,NV,50321,1970-11-22
205,Robert,Sherman,919 Adam Land,Gibsonville,CA,44207,2018-02-05
206,Emily,Webb,360 Johnson Gateway Apt. 112,Floydport,NJ,11075,1980-07-14
207,Joanna,Ortiz,890 Sanford Pine,Darleneport,ME,31209,2016-06-28
208,Kaitlin,Perez,215 Andrea Cliff,South Alanfort,TX,51330,2002-10-08
209,James,Stone,9714 Black Grove,Littlechester,WY,65221,1975-03-27
210,Nicholas,Lewis,761 Edwards Estates,North Maryfurt,TX,56840,2001-08-26
211,Nicholas,Stephens,1492 Silva Lakes,Jonathanland,LA,22029,2016-09-24
212,Michael,Schmidt,36465 Alexandria Springs Apt. 239,South Mark,AZ,88629,1991-07-07
213,Jerry,Neal,3402 Cindy Ferry Suite 437,Brianville,WA,11009,1995-05-02
214,Thomas,Ford,902 Allen Garden,Nicoleport,MI,04015,2011-01-02
215,Andrew,Watson,524 Elizabeth Mill Apt. 269,Lake Nathanberg,KY,40537,1987-10-17
216,Sarah,Young,626 Mason Highway Apt. 035,Port Erinshire,OK,55547,2013-05-17
217,Robert,Hicks,9933 Cameron Drives Suite 474,Christopherborough,GA,79538,1997-08-23
218,Jessica,Hall,1895 Natasha Manors Suite 340,West Alec,WV,73200,2005-12-22
219,Barbara,Fletcher,53090 Velazquez Plaza,South Thomas,TN,63319,1970-02-15
220,Erica,Robles,6560 Luna Corner,Annburgh,MN,15718,1982-11-14
221,James,Adams,385 Matthew Lights,North Allisonmouth,NC,80964,2017-02-15
222,Elizabeth,Mendoza,789 Katherine Spring,South Margaretside,CO,25175,2009-01-18
223,Johnathan,Huynh,2315 Sarah Flat,New Jenniferville,GA,73569,1978-01-23
224,Gary,Mcclure,47622 Schaefer Extension,East Anthonyborough,NJ,01611,2005-03-01
225,Michael,Gonzalez,41614 Joel Lakes,Boyerstad,AK,39309,2007-02-23
226,Jessica,Johnson,1531 Stark Stream,Gregorytown,IA,66578,1989-09-13
227,Glenn,Martinez,20396 John Row,Briannashire,ID,52278,2018-10-11
228,Jamie,Hunt,435 Lopez Burg,Birdshire,ME,18909,2018-04-08
229,Veronica,Ryan,367 Wall Shoals,South Debraland,NH,25417,2002-07-04
230,Nathaniel,Ball,722 Dunn Tunnel,South Patriciamouth,MO,42024,2009-11-27
231,Emily,Clark,6739 Jenny Estates,Whiteheadborough,MD,75474,1987-03-24
232,Belinda,Thompson,525 Underwood Extensions Suite 501,Port Julia,WV,86405,2015-06-05
233,Catherine,Ramos,288 Taylor Gardens Suite 629,Brettview,OK,03657,1995-03-17
234,Amanda,Walker,7709 Brittany Ferry Suite 990,Lake Lisa,CT,34941,1994-06-09
235,Christopher,Kaiser,74003 Andrew Ville,Nguyenchester,MT,47147,1985-10-15
236,Barbara,Pham,803 Garcia Wall Suite 488,Lake Robintown,AR,75455,1983-12-12
237,Paul,Henry,38127 Darlene Court,Francisview,NM,81373,2011-10-30
238,Kristin,Hernandez,055 Campbell Key,Rodriguezview,FL,29877,1978-05-16
239,Jennifer,Mckinney,2249 Johnson Overpass Suite 037,Sophiabury,MT,99411,1983-11-03
240,Traci,Alexander,5851 Fernando Trace,West Marcus,OR,44301,1994-05-03
241,Michael,Jenkins,11581 Linda Land,Ramirezton,VT,23875,2002-07-10
242,Brittany,Hunt,0742 Connie Square Apt. 625,East Jessicaton,TN,67912,1982-05-12
243,Carrie,Pitts,340 Eric Mission Suite 329,New John,CT,74841,1970-03-22
244,David,Garcia,18416 Christina Ports Apt. 217,Perryberg,PA,88423,2018-03-03
245,Michael,Evans,242 Natalie Cove,Port Benjamin,KS,34023,2007-07-26
246,Jeremy,Jordan,65915 Heather Land Suite 351,Rogersfurt,MA,21516,2009-06-12
247,Stacy,Brooks,072 Kevin Squares,Alexanderview,WI,83994,1995-10-19
248,Kelly,Mays,983 Wilson Landing,Port Patricia,AR,20349,1989-03-06
249,David,Hall,8204 Keith Orchard Suite 142,Mcphersonshire,MI,91678,2010-10-25
250,Joseph,Woodward,53818 Johnson Groves Apt. 232,Stevenmouth,ID,29343,1997-08-01
251,Pamela,Terrell,213 Williamson Estates Apt. 839,North Jackmouth,AZ,97665,2000-03-23
252,Alicia,Vaughn,0586 Benton Unions Suite 027,Burnsport,AR,13482,1982-11-20
253,Jennifer,King,454 Zuniga Views,Hicksburgh,AK,51488,1989-02-05
254,Jacqueline,Dean,7212 Jackson Plains Apt. 393,North Jaredshire,MI,89060,2010-03-20
255,Mark,Rose,45561 Daniel Wells,West Gloria,GA,62123,1996-03-07
256,Philip,Miller,86623 Ryan Trace,Buckport,MN,06149,2015-10-20
257,Kimberly,Johnson,7540 Gibson Ridge Suite 942,New Jennifer,WA,39413,1987-06-02
258,Joyce,Martin,46530 Bautista Lodge,Laneburgh,NY,08967,1994-01-09
259,Andrew,Page,84682 Kim Point,Port Joseph,MD,82194,1983-05-16
260,Lindsey,Sutton,643 Grimes Via Apt. 265,Davidhaven,MT,85639,2010-08-09
261,Kenneth,Suarez,13118 Franklin Islands Suite 238,Samuelton,IA,62871,1988-10-15
262,Danielle,Williams,774 Dawn Groves,North Michael,SD,81601,1992-11-14
263,Heather,Juarez,9747 Gomez Loaf,Brianbury,CO,79307,2012-11-04
264,Nathan,Mclaughlin,65634 Glover Rapids Suite 126,Port Carol,WA,01864,2010-01-06
265,Suzanne,Lopez,15046 Teresa Underpass,East Kathy,RI,19361,1992-11-12
266,Joshua,Gregory,77481 Pena Cape,Jamesbury,PA,21244,1992-02-23
267,Teresa,Mitchell,48050 Lisa Plaza Suite 926,Glassshire,VT,28818,2002-06-12
268,Hayley,Jacobs,47527 Lee Lights Apt. 999,East Christopherborough,OH,16996,1992-09-01
269,Dustin,Porter,1413 William Lights Suite 294,Frenchtown,CO,83606,1978-06-04
270,Wendy,Garcia,85018 Emily Motorway,Kathleenport,AZ,20769,1998-07-12
271,Andrew,Walker,760 Michele Pine,New Zachary,NE,76470,2013-09-07
272,Russell,Palmer,0199 Martinez Center Apt. 315,South Michaelport,PA,23470,1979-03-29
273,Beth,Sexton,62379 Bryce Canyon Suite 085,Ericbury,FL,82380,2012-06-09
274,Dana,Ellis,94125 Randall Unions,West Betty,OK,35778,1993-03-16
275,Danielle,Arias,946 Amanda Center,Port Nathan,DE,42679,1987-08-04
276,Angela,Lambert,607 Christopher Vista,Holmesfort,NC,40934,1974-07-23
277,Katelyn,Elliott,72936 April Trail,West Kimstad,UT,49931,1998-05-22
278,Samantha,Moreno,8373 Meghan Causeway,North Jillianview,NV,69525,1970-10-20
279,Richard,Webster,745 Fisher Mills,Lake Travisfort,WA,44440,2001-07-15
280,Gerald,Hubbard,29220 Ayala Hill Apt. 284,Joshuahaven,UT,68321,1976-06-22
281,Erica,Gomez,34798 Tate Bypass,East Paigeberg,CA,60959,2015-04-22
282,Justin,Chavez,84357 Howard Glen,New Calvinton,AL,59522,1973-03-20
283,Michael,Rose,33791 Patrick View Apt. 050,Wellsview,AK,86609,1973-04-10
284,Michael,Johnson,724 Mayo Harbors Apt. 640,New Susanborough,TN,24977,2003-09-08
285,Richard,Rodriguez,6391 Suarez Village Apt. 149,South Wendyshire,NC,68492,2018-09-27
286,Spencer,Reed,69398 Blake Canyon Suite 138,Stephenchester,NV,59213,2005-07-16
287,Sean,Barry,72090 Andersen Summit,West Diana,NC,52669,1996-11-08
288,Adam,Gutierrez,273 Green Garden Apt. 069,Juanmouth,MT,37951,1979-06-20
289,Mark,Smith,5744 Laura Plains,East Kimton,IN,47148,2013-04-08
290,Erica,Carter,33944 Anna Park Suite 428,Randyhaven,AZ,73901,2019-01-08
291,Scott,Jones,1441 Alexander Mount,Lake Lori,TX,72160,1996-07-27
292,Jennifer,Sharp,0122 Kevin Squares,Lake Davidview,ID,28478,1986-08-23
293,Pamela,Moran,7378 Diana Plaza Suite 593,Martinezbury,MT,49891,1991-10-31
294,Lori,Morris,20419 Santiago Lakes Apt. 803,Rodriguezborough,ID,85606,1996-08-25
295,Sonya,David,2408 Kristin Rue,Port Lori,CT,98300,1972-05-11
296,Ronald,Peterson,28627 Ernest Hollow Suite 299,East Charlestown,SC,92815,1981-12-20
297,Timothy,Moreno,88462 Christopher Mission,Lake Melissahaven,NM,87940,1979-10-09
298,Jared,Gomez,327 Miller Greens Apt. 239,Johnathanhaven,GA,23451,2014-07-30
299,Brian,Ibarra,000 Daniel Station,North Tracychester,MT,54445,1999-08-14
300,Sharon,Stevens,2200 Jenkins Run,Stevensport,AL,96753,1992-01-01
301,Eric,Allen,669 Baldwin Ramp,West Elizabeth,MN,82614,1974-12-01
302,Erin,Scott,09058 Vincent Alley,Julieborough,NE,64622,2014-03-31
303,Abigail,Larson,8170 Shepard Run,South Coltonstad,NC,14199,1991-09-03
304,Christopher,Howard,5295 Travis Garden,Sullivanville,WY,79515,1975-09-26
305,Linda,Evans,904 Glenn Lakes Suite 432,Lake Paulview,OH,35048,1978-09-25
306,Samuel,Boyer,6127 Haas Station Suite 891,Briggsfort,ND,80721,2000-07-08
307,Cory,Turner,0959 Diaz Dam Suite 058,South Robert,DE,53701,2013-09-26
308,James,Moore,341 Heidi Inlet,Lake Keith,FL,89143,1996-02-15
309,Jaime,Ferguson,381 Steven Spurs Suite 068,Hamiltonmouth,NE,94387,2012-06-16
310,Gregory,Villanueva,6200 Stephanie Street,North Josephmouth,NY,19926,2014-08-04
311,Nicole,Delgado,37391 Crawford Crescent,South Amber,MT,22884,1977-05-05
312,Leonard,Silva,995 Cesar Forest Apt. 832,Walkerside,IA,99817,2018-06-18
313,Tyler,Shields,06537 Nash Causeway Suite 903,South Jeremymouth,AZ,36919,2000-02-21
314,Michele,Davis,171 Christopher Village,New Sheryltown,ID,83290,1975-01-01
315,William,Bishop,358 Sabrina Groves,Walkerville,GA,93898,1990-10-02
316,Laura,Walter,5575 Rachel Walk,West Courtney,KY,27849,1985-08-18
317,Amanda,Aguilar,154 Johnson Canyon Suite 758,East Shannon,IL,01322,1976-03-21
318,Kimberly,Smith,0934 Susan Square,South Rachelberg,WV,62097,1996-09-22
319,James,Pineda,287 Moss Islands,New Davidshire,AR,71201,1972-01-24
320,Brandon,Chen,7650 Randall Cape,Allenfurt,FL,80708,2004-03-06
321,Debbie,Allen,61739 Walker Wells Apt. 093,Walkerside,UT,51079,1970-07-02
322,Katrina,Johnson,1231 Carla Vista,South Jacktown,CT,61817,1972-05-06
323,Mike,Craig,849 Gonzalez Throughway,West Matthewland,KS,38188,2014-03-10
324,Jessica,Lopez,3938 Christopher Field,Port Natalie,SC,74411,1992-03-18
325,Vanessa,Harris,604 Rodriguez Keys,West Michaelside,SC,97409,1991-10-11
326,Richard,Miller,323 Scott Lake Suite 329,Haleside,NH,08306,2004-08-16
327,Adam,Robinson,41226 Katherine Walks Apt. 925,West Nicholas,ND,66686,2006-07-28
328,Kyle,Hoffman,10827 Ashlee Roads Suite 281,South Patrick,NH,08445,1985-08-17
329,Frank,Price,26616 Savage Ways,Port Zacharyfort,NJ,26773,2018-05-18
330,Tara,Dickerson,0835 Miller Crest,Scottburgh,ND,09889,2010-10-09
331,Steve,Holloway,35492 Jones Branch,Mayomouth,NH,73951,2007-09-21
332,David,Rivera,4092 Lynch Plaza Apt. 165,East Christianton,CO,20377,1996-10-09
333,Susan,Brown,88478 Fisher Stream,Port Paul,TX,36885,2007-02-08
334,Savannah,Serrano,92001 Strickland Expressway,Port Robert,RI,44173,1972-12-23
335,Shannon,Fleming,8656 Ronald Islands Suite 729,Payneton,CA,71498,1977-09-19
336,Sara,Foster,9089 Mata Lock Apt. 377,East Margaretton,AL,39840,2002-10-25
337,Lisa,Williams,9580 Burnett Haven Apt. 162,Ryanville,NJ,54222,1982-09-29
338,Yvonne,Munoz,0570 Jackson Freeway Suite 575,Cainfort,AL,77818,2004-08-30
339,Amy,Powell,6145 Steven Village Suite 436,South Angel,NJ,21412,2010-06-23
340,Daniel,Wood,83298 James Green Apt. 548,Webstertown,TX,86176,1981-11-07
341,Ashley,Lewis,60856 Cantu Tunnel Apt. 958,Combsmouth,DE,99225,1976-01-14
342,Michelle,Fernandez,711 Pamela Underpass,Matthewfurt,ND,26656,2013-01-03
343,Steven,Gamble,6082 Freeman Mills,Richardsonview,AK,55196,1992-03-14
344,Robert,Pitts,7611 Martin Hills,East Dawnburgh,NH,64257,1970-04-02
345,Samuel,Campbell,371 Perry Junction Suite 604,New Monicaberg,AR,27268,2017-02-24
346,Cynthia,Robinson,9581 Natasha Points Suite 726,Jerryton,MS,17429,1973-05-05
347,Eric,Brennan,8902 Lisa Meadow,Timothyville,OH,98666,2016-04-03
348,Sandra,Morris,93494 Nancy Junctions,Lake Angela,LA,63610,2004-02-06
349,Andrew,Pittman,19477 Gary Ranch,Lake Rebeccastad,GA,15507,1977-12-27
350,Christian,Brewer,45402 Robbins Light,Karenfort,NY,00638,2001-11-29
351,Thomas,Green,743 Barry Meadows,Chanmouth,AK,22490,1992-10-19
352,Brittany,Martin,307 Holland Divide Suite 833,New Douglasstad,WA,57555,2019-07-16
353,Eric,Newman,415 Carlos Passage,West Maxwell,WV,54266,1978-07-08
354,April,Meza,84928 Romero Fork Apt. 855,Lake Michael,CO,67344,2011-12-10
355,Scott,Cook,4331 Juarez Well Apt. 448,South Tony,NV,37049,1977-09-11
356,Rachel,Hall,64446 Martinez Landing,Scotthaven,DC,72852,1983-03-30
357,Destiny,Hanna,37481 Dylan Passage Suite 742,East Ginaville,AK,73513,2011-11-18
358,Tracy,Brennan,6774 Stephanie Branch,South Christinafort,NE,98258,1999-06-18
359,Lisa,Walker,9148 Boyle Springs,Williamsfort,VA,86915,1975-08-10
360,Jennifer,Smith,18240 Tran Way Suite 867,Gregoryville,SD,08280,2008-07-25
361,Phillip,Mckenzie,81368 George Freeway Apt. 618,East Robert,FL,38310,2009-05-19
362,William,Doyle,3432 Chavez Flats,Port Meganport,OH,77522,1980-01-28
363,Kyle,Perez,569 Max Crescent Suite 493,Carterland,OK,64629,2013-12-31
364,Cynthia,Russo,041 Roger Pass,South Jonathantown,NC,85449,1998-07-17
365,Brandon,Walter,52093 Pugh Estate Apt. 621,West Tiffanyborough,WA,96897,2010-04-21
366,Christopher,Charles,8609 Jones Track Suite 454,Beckermouth,WI,03714,1988-05-04
367,Andrew,Valencia,23462 Raymond Overpass Apt. 480,Moranmouth,IN,48118,1986-08-28
368,Kevin,Preston,88723 Kurt Gateway,New Wendyfort,OH,79715,1985-08-14
369,Barbara,Ferguson,242 Heidi Wells,Lake Rebekahport,NE,30317,2000-07-15
370,Nicole,Jones,693 Gregory Freeway Apt. 575,North Tammyville,PA,76758,1982-09-16
371,Christopher,Williams,5016 William Ports Apt. 978,Amandafurt,LA,14226,2008-11-05
372,Diana,Moore,657 Todd Coves,Greenport,KY,56690,1975-08-22
373,Nathan,Nelson,89391 Courtney Rest Apt. 934,New Manueltown,NY,48364,1996-12-24
374,Danielle,Hernandez,16814 Jeffrey Spring Suite 038,New Aimee,ME,03450,1985-12-30
375,Hannah,Hunt,71796 Davis Gardens Suite 659,East Lisamouth,AZ,53171,2005-02-13
376,Maria,Anderson,9613 Sims Junction Suite 144,East Hayleyport,GA,40190,1997-08-01
377,Paul,Cervantes,0186 Duncan Bypass,Lake Michaelaside,NJ,56074,2006-12-24
378,Timothy,Hoover,465 Bradford Mount,Williamsport,TN,29655,1978-02-14
379,Henry,Sandoval,6239 Mark Hills,Cruzchester,AK,60543,1990-10-03
380,Mark,Gonzales,4997 Laura Glens Suite 109,Port Brett,ND,75296,1982-02-06
381,Dana,Rice,8676 Hernandez Shores Suite 632,Port Michael,MD,12669,1985-02-13
382,Alexander,Wright,3754 Catherine Greens,New Teresafurt,WI,48469,1975-09-20
383,Margaret,Stephenson,4385 Jared Lane Suite 388,Brendanville,NV,90406,2016-06-03
384,Jessica,Crosby,47388 Caitlin Mountains Apt. 486,New Codyland,CO,67457,2004-01-24
385,Eileen,Jones,553 Kendra Center Suite 207,Moorefurt,VA,77416,1982-03-14
386,Larry,Thomas,61483 Fletcher Lakes,Banksview,CT,84226,1996-04-30
387,Melanie,Barton,92341 Mata Center Apt. 399,New Robertberg,LA,85019,1996-10-22
388,Lisa,Jackson,27291 Mcgrath Port,Courtneymouth,GA,43021,2017-06-24
389,Jessica,Miller,11358 Gary Station,Diazshire,TN,43018,2009-07-07
390,Steve,Rubio,173 Gonzalez Ports,East Tara,ND,57360,1982-12-19
391,Kristen,Smith,2278 Whitney Flat Apt. 765,Paynebury,KY,99228,2011-07-01
392,Kristin,Graham,058 Johnson Hollow Suite 156,Lake Ryan,VT,03301,2003-11-01
393,Zachary,Small,6780 Misty Loaf Apt. 444,Garybury,ND,08029,1999-08-31
394,Jacob,Meyer,6272 Lopez Passage Apt. 874,North Stephaniefurt,IN,49725,2014-05-03
395,Terri,Griffith,3341 Fred Mission,Darinfurt,HI,22323,2018-02-20
396,James,Johnson,95759 Cline Loop,Oscartown,VT,33696,2013-06-19
397,Dominic,Watson,13699 Robert Oval,Brianshire,RI,60169,1980-11-06
398,Michelle,Choi,7987 Alexis View Suite 059,Port Melanie,OK,32413,2001-07-05
399,Daniel,Jordan,8682 Tamara Lodge Apt. 947,Hoffmanberg,TX,22101,2005-02-25
400,Scott,Vaughan,75497 Wagner Plaza Suite 482,Rodriguezville,RI,81993,2016-12-01
401,Lauren,Campbell,5212 Wheeler Center Apt. 650,West Ellenchester,TX,39801,1972-12-24
402,Mason,Johnson,12213 Page Wells Apt. 386,Bullockfurt,WV,58157,2011-01-19
403,Marie,Price,57370 Tammy Squares Apt. 259,Lake Melissastad,UT,05810,1997-01-02
404,Kelli,Richards,55677 Morton Hollow Apt. 410,Lake Danielmouth,TN,26351,1990-08-24
405,David,Burnett,669 Linda Stravenue,West Hannah,TX,44143,1994-05-23
406,Taylor,West,473 Jessica Lodge,West Catherine,LA,02360,2000-10-04
407,Todd,Esparza,75762 Steven Terrace,Kevinbury,CO,59944,1991-07-14
408,Emily,King,85537 Molina Stravenue Apt. 853,Lake William,WI,39315,2006-12-08
409,Charles,Dougherty,056 Larry Mountain Suite 259,Carlosview,KY,17079,2016-10-27
410,Mitchell,Lewis,31836 Oconnor Glens Suite 345,Lake Nathanielfurt,GA,54597,1993-03-27
411,Juan,Peck,8735 Kelly Skyway,Lake Gloria,OH,19890,1986-01-04
412,Dylan,Lopez,60494 Sean Well,North Richardfurt,SD,47397,1971-03-06
413,Victoria,Bruce,84383 Anna Unions Suite 186,East Joseph,OR,38135,1986-11-16
414,Stephanie,Bond,861 Carolyn Port Apt. 560,Yolandamouth,CO,15713,2006-06-03
415,Amy,Black,79364 Bartlett Manors,Brendastad,MS,09109,1983-06-15
416,Karen,Pennington,993 Adams Throughway,Tiffanymouth,RI,93086,1971-08-16
417,John,Thomas,1201 Haley Plaza Suite 973,Barbermouth,VA,75780,2002-02-11
418,Jennifer,Castillo,02639 Jacobs Village Suite 280,West Keith,KY,14602,1976-12-09
419,Jeremiah,Taylor,87203 Nolan Port,Hicksborough,PA,76142,1985-03-12
420,Lisa,Howard,10201 Brenda Valleys Apt. 219,East Patriciaport,CA,77308,1981-04-18
421,Michelle,Horton,04582 Laurie Grove Suite 018,Jordantown,IL,41196,2016-04-25
422,Logan,Munoz,4370 Rodriguez View Apt. 578,West Eric,MT,83830,1996-04-17
423,Richard,Allen,66864 Kathy Ways Suite 348,Brendaport,NH,83345,2001-12-24
424,Eric,Thomas,4095 Edwards Street,South Betty,GA,68374,1995-03-17
425,Timothy,Rios,2680 Karen Squares Apt. 155,Williamston,SC,17942,1985-11-06
426,Patricia,Robinson,626 Dawn Lakes Apt. 658,South Michaelfurt,SC,50425,1978-03-18
427,Rachel,Harris,44079 Michael Gardens Apt. 422,Allenberg,WI,61460,1994-10-09
428,Joshua,Davis,6014 Rose Circle Apt. 149,Port Dawn,AL,75258,2006-09-07
429,Jamie,Rangel,5374 Stephanie Fort,New Dianaburgh,OH,92902,1977-01-19
430,Mary,Wells,717 Hammond Stravenue Suite 961,Laurenfort,HI,87641,1987-03-10
431,John,Smith,4093 Patricia Shoal Suite 887,Hillland,IA,85049,1989-07-19
432,Madeline,Vargas,2910 Pamela Field,Courtneyfort,MD,59131,2002-11-11
433,Amber,Powell,35715 Wells Circle,West Johnport,OK,52249,1999-10-06
434,Tammy,Walls,0414 Sanchez Harbors Apt. 315,Averyview,LA,91866,1971-06-29
435,James,Hernandez,877 Roger Lodge,West Haley,TN,04006,1999-01-03
436,Angel,Blanchard,1179 Mcknight Knoll Apt. 638,Robertburgh,OK,98103,2001-04-18
437,Crystal,Ortiz,254 Pearson Islands,East Alexandriaside,ME,40958,2006-06-26
438,Brandy,Bowman,2416 Fowler Spurs,Ericside,VA,35025,2004-03-11
439,Anthony,Lam,9363 Stone Isle,Christopherborough,PA,50381,1986-01-26
440,Jessica,Christensen,0153 Copeland Shoal,Randallfort,NC,61890,2002-09-13
441,Susan,Booker,1092 Matthew Keys,Paulshire,TN,22171,1993-11-24
442,Elizabeth,Carter,8320 Erika Shore,New Lori,NM,83541,2007-07-31
443,Allison,Newton,1299 Steele Bridge Apt. 313,New Dana,OH,99313,1999-01-15
444,Chad,Alvarez,460 Luis Falls Suite 767,Aprilmouth,GA,24542,2019-03-24
445,Zachary,Elliott,7031 Sheri Wells Suite 544,West Stacyhaven,CT,36586,1982-10-06
446,Lauren,Kelley,0565 Tanner Villages,North Abigail,AZ,80788,2001-03-23
447,Susan,Myers,468 Megan Extensions Apt. 137,Garyfurt,MS,78068,2006-10-12
448,Jennifer,Martin,7147 Michelle Brooks Suite 308,South Charles,IL,10187,2018-03-15
449,Barbara,Brooks,537 Ball Ville,North Felicia,AR,50213,1992-04-09
450,Daniel,Beck,6663 Webb Road,South Brianfurt,NJ,42628,1997-12-12
451,Bradley,Watson,2905 White Mall,South Kyle,KS,58759,1994-11-26
452,Amy,Nelson,057 Lawson Lane Apt. 719,North Stacy,VT,24218,2017-11-17
453,Joseph,Sweeney,2310 Shannon Plaza,West Omar,LA,58140,2008-12-01
454,Richard,King,301 Gonzalez Walk,Adambury,NV,64529,2017-08-21
455,Michael,Figueroa,55602 Carroll Walks,Bryanport,LA,78520,2013-11-19
456,Bradley,Orr,378 Jordan Road,East Christyshire,FL,50686,2018-06-07
457,Olivia,Petty,02784 Smith Way,North James,OK,54744,2004-06-29
458,Jessica,Smith,428 Kimberly Fork,East Cynthiaside,AL,88765,2017-12-27
459,Andrew,Gonzalez,4101 Joel Glen Suite 065,Stephenbury,AZ,69331,1973-07-02
460,Abigail,Barnett,456 Peter Pike,Samuelfurt,IL,93988,2015-12-26
461,Shawn,Martinez,3356 Gordon Port Apt. 136,Stevensmouth,WI,96744,2014-12-12
462,Robert,Randall,063 John Path,Bennettton,MD,18369,1981-11-02
463,Kevin,Maldonado,05344 Cindy Causeway Suite 237,Taylorfurt,NH,81466,1992-04-22
464,Mark,Doyle,77319 Eduardo Shores Suite 602,Marissatown,NH,17329,2009-11-23
465,Jon,Dunn,16979 Timothy Radial,Mcdowellberg,NH,86882,1978-10-28
466,Rachel,York,7026 Steven Plaza,Patriciastad,MT,22427,2015-01-06
467,John,Cole,2188 Jessica Tunnel Suite 520,New Michellemouth,AR,65125,1981-12-02
468,Candace,Melendez,73943 Mccall Vista,New Richard,CT,83765,2007-04-06
469,Natasha,Martinez,6064 Lopez Plains,Mooretown,MT,30762,1987-01-05
470,Christopher,Elliott,78633 Adam Roads,Port Amanda,NM,36677,1996-08-15
471,Kimberly,Andersen,0395 Joseph Knolls Suite 220,South Nancy,MI,11782,1978-04-20
472,Cynthia,Thompson,52726 Danielle Pines Apt. 291,West Charlesland,AZ,58502,1999-10-11
473,Brandy,Simon,725 Sierra Extensions,East Joshua,DC,53519,1973-12-17
474,Kristin,Brown,414 Mckinney Manors Apt. 085,Powellton,TN,31647,1983-04-19
475,Patricia,Young,666 Timothy Ways Apt. 818,Jenniferhaven,MT,20639,2015-01-02
476,Gary,Waters,651 Lewis Fords Suite 373,North Maryport,NM,47046,1992-10-29
477,Colin,Olson,20649 Norton Land,West Williamstad,NC,48646,1993-04-23
478,Richard,Garcia,237 Johnson Lock,Markshire,IN,72016,2001-11-26
479,Eric,Diaz,141 Davidson Route,West Chadfort,NJ,99871,2012-06-11
480,Christopher,Mack,11895 Rebecca Estates Suite 328,Scottborough,DE,74825,2012-06-24
481,Hailey,Roberts,032 Martinez Parkway,Lake Yolanda,DC,55671,2016-01-06
482,Eric,Reyes,2956 Graham Brook,Andrewton,HI,71037,1986-02-01
483,Trevor,Evans,61431 Thomas Junctions Apt. 041,New Larrychester,TX,99615,1981-07-14
484,Katie,Rodriguez,9976 Vickie Cove,Port Dylan,RI,83243,1983-11-12
485,Megan,Hunt,44003 Renee Neck Apt. 986,Donnaland,MT,76086,2003-12-29
486,Emily,Mata,60685 Combs Spurs,Kingberg,OK,42367,1973-08-13
487,Gloria,West,80460 David Rue,Bautistashire,OR,35731,1977-10-19
488,Gabriel,Smith,1398 Misty Hill,West Edward,CT,74236,2011-05-30
489,Shawn,Cline,324 Melissa Village,Port Jessicaland,WA,46984,1972-03-06
490,Keith,Bell,86498 Kayla Crest,Bakerchester,NM,55917,1972-08-10
491,Pamela,Eaton,33219 Benton Ways,Lake Kristamouth,NY,70030,2012-11-14
492,Derek,Thomas,159 Terri Drives Apt. 358,West Nancy,IL,49751,2008-01-29
493,Kimberly,Stein,076 Guerra Summit Apt. 559,Port Andrew,NV,02296,2011-07-01
494,Nathaniel,White,7200 Jessica Isle Suite 021,South Hunter,IL,82723,1973-06-09
495,Bradley,Sanders,784 Kelly Rue,Michaelchester,HI,88535,2006-05-22
496,Christina,Roberts,6084 Michelle Keys,Thomaston,MT,36793,1987-05-16
497,Claudia,Rivera,343 William Loop Apt. 868,Carlville,OR,41159,2000-02-21
498,Lisa,Rodgers,11850 Carlos Isle,Lawsonborough,NJ,75378,1987-12-24
499,Julie,Chandler,757 Guzman Plain,Michellefurt,MA,61769,1985-08-01
500,Douglas,Davis,62633 Spencer Drive Suite 650,Jasonburgh,NJ,53128,2003-01-23
501,Kathryn,Wilson,82551 Hawkins Mission Suite 996,New Josefort,AZ,12353,1978-10-25
502,Norman,Conner,23926 Watson Hill,South Matthewville,NC,03388,2008-11-28
503,Timothy,Greer,9212 Rhonda Point,Scottburgh,MI,93739,2005-09-10
504,Ronald,Arias,414 April Road,Valdezmouth,KY,60195,2013-07-11
505,Michael,Perkins,70313 Allen Ports,Riggshaven,TX,32181,1978-06-08
506,Ana,Mccoy,14277 Hubbard Row Suite 627,Port Carloshaven,UT,61830,2000-01-23
507,Anthony,Hernandez,60095 Cohen Ramp Suite 853,West Laurieland,AZ,92744,1996-05-01
508,Michael,Johnson,45680 Jerry Crescent Apt. 151,Chadville,ND,76937,2010-10-31
509,Mary,Flowers,39243 Anthony Neck Apt. 758,West Elizabeth,MD,57760,1992-01-17
510,Curtis,Berger,8642 Ross Pass Apt. 134,Port Evanside,MA,69984,2005-11-20
511,Deborah,Evans,752 Weaver Mountains,Martinezmouth,KS,06306,2014-06-14
512,Heather,Gallegos,73231 Pacheco Lane,Bryanview,UT,21886,2007-08-13
513,Jeffrey,Hernandez,54931 Thomas Plains Apt. 921,New Matthew,OK,57254,2017-11-02
514,Edwin,Esparza,2832 Mercedes Tunnel,Angelabury,MN,28647,2017-10-28
515,Vicki,Monroe,7692 Karen Cliffs Suite 738,Shermanmouth,CO,79826,1984-11-25
516,Wayne,George,79063 Mitchell Key,South Karaborough,MI,74353,2010-12-23
517,Charles,Smith,292 Ramirez Divide,Port Tinafort,HI,38304,1996-01-17
518,Michael,King,3626 Terri Ranch,Lake Maryville,OH,93589,1997-12-23
519,Jose,Cooper,56404 Cassie Crossing,Aprilbury,GA,98512,1999-08-10
520,Melissa,Moore,15616 Peterson Estates,Kennedyton,NE,56363,1987-01-20
521,Ashley,Reed,403 Wilson Shores Suite 232,Port Nicole,OR,75014,1997-08-10
522,Rebecca,Avila,0919 Chen Fields,New Veronica,ID,23842,1979-01-19
523,Thomas,Young,5090 Michael Underpass,West Tylerfurt,OR,51173,1999-04-16
524,Brandon,Frederick,90661 Sharon Knoll Suite 021,Frankton,MN,60300,2009-07-04
525,Emily,Walton,36538 Ford Glen Apt. 410,Lake Annville,CA,70330,1978-10-08
526,Lindsey,Anderson,76524 Karen Place,New Williamshire,VA,21518,2009-07-20
527,Robert,Dunn,42192 Paul Motorway Suite 734,Port Bryanmouth,MI,77081,1988-08-23
528,Kylie,Evans,8918 Rose Street,Port Nicholas,CO,14595,2011-08-16
529,Sandra,Castro,3882 Bruce Way Suite 807,North Jademouth,LA,43335,2002-07-06
530,Melissa,Wallace,22977 Carroll Fort,South Joshua,ME,65409,1989-05-01
531,Linda,Martin,986 Lowery Fords,West Bobton,CO,10423,1981-01-27
532,Michael,Washington,5607 Steven Fall Apt. 268,Tylertown,AL,26283,1973-10-01
533,Michael,George,0890 Willie Rue,Nancymouth,IN,64921,1978-07-31
534,Alexander,Johnson,05758 Lori Springs,Ericborough,AL,99315,2005-03-06
535,Adam,Stanley,946 Maureen Squares,Davisland,CO,82127,1997-02-06
536,Kevin,Logan,738 Susan Cape Suite 067,Christineburgh,MO,57371,1975-12-28
537,Ashley,Rodriguez,2317 Davis Fords,Chasebury,HI,59673,1998-09-09
538,Ronald,Mueller,76517 Maria Isle,East Leahfurt,MT,38208,2006-12-08
539,Matthew,Mccoy,039 Schwartz Land Suite 380,West Andreaberg,KS,89321,1983-03-01
540,Nathaniel,King,810 Williamson View,Lake Jacquelineland,CO,51050,2003-03-04
541,Anna,Rivera,79911 William Mews Suite 268,East Patrick,AZ,04732,1972-05-31
542,Ricky,Cain,988 Jordan Shores,North Sarahstad,CO,19816,1989-09-21
543,Susan,Johnson,1579 Wong Track Suite 995,Blevinsshire,NJ,93003,1980-07-30
544,Meghan,Cook,32802 Thomas Ports,Roweland,ND,36068,1995-02-22
545,William,Gallegos,838 Thomas Ville,East Michelehaven,ID,84129,1991-08-06
546,Wesley,Garcia,0321 Jessica Rue Suite 173,Lake Dwayne,ID,26442,1992-01-02
547,Sherri,Steele,323 Michael Pine,North Nicolemouth,OK,03375,1991-10-19
548,Joshua,Marsh,700 Ortiz Ridges Apt. 716,Stevensstad,OH,22692,2004-02-06
549,Cindy,Gomez,7428 Emily Squares Apt. 097,North Christy,IL,75034,1995-06-26
550,Thomas,Ruiz,4959 Hunter Ferry Suite 300,Christopherside,KY,11221,1989-05-23
551,Henry,Allen,39917 Graham Lodge,West Jennifer,IA,04040,1971-06-22
552,Katherine,Luna,09521 David Stravenue Apt. 317,Anthonyburgh,TX,33799,1995-06-06
553,Jamie,Gonzalez,027 Todd Bridge,South Becky,CT,17482,1991-05-10
554,Michele,Morrow,457 Johnson Walks,South Reneeton,ND,59163,2001-03-03
555,Anne,Harper,28178 Rebecca Bridge Apt. 559,Lake Gabrielside,MD,15518,2006-11-23
556,Randy,Rios,581 Joseph Park Apt. 485,Brookschester,SD,92771,2002-08-23
557,Joe,Thomas,6570 Mark Prairie,Thomashaven,MS,32448,1970-05-15
558,Robert,Moore,11294 Robinson Mountains,Simpsonside,IA,27147,1980-08-31
559,Thomas,Larson,7577 Lamb Hills Suite 562,Payneberg,NM,70564,1999-06-24
560,Michael,Johnson,592 Conner Glens,South Brandon,MO,59531,2006-07-23
561,Curtis,Johnson,3928 Thomas Greens,Garyville,VA,76005,1971-09-28
562,Jacob,Washington,186 Wells Stream Suite 390,Lake Donnaborough,DE,78893,1979-04-27
563,Tara,Barnett,341 Smith Squares,Lake Christina,KY,61117,1999-05-24
564,Jeffrey,Barron,6366 Wright Circle Suite 839,Dennisfort,SC,78347,2019-04-05
565,Barbara,Yates,562 Rebecca Summit,West Selenaburgh,TX,78536,1972-08-01
566,Christopher,Collins,79814 Flores Way,Port Kelli,MI,39392,1991-08-01
567,Kayla,Norton,928 Susan Turnpike,South Joseph,GA,14077,1994-11-21
568,Ryan,Schneider,8949 Ryan Summit Apt. 855,West Davidview,KY,37816,1998-06-02
569,Nicole,Miller,80194 Lawrence Junctions,Amyshire,ME,24790,1985-04-03
570,Susan,Bailey,25453 David Coves,Alyssabury,MO,67524,2000-06-06
571,Steven,Smith,22389 Porter Orchard,Gonzalezberg,MS,68622,1992-03-06
572,Madison,Wright,8998 Montes Ford,Josephburgh,MA,69523,2008-06-24
573,Lucas,Burns,7036 Bowers Court Suite 757,Watsonchester,WI,14298,1978-02-23
574,Caitlin,Mitchell,7161 Adams Cliffs Apt. 794,Mooreville,WI,61550,2016-08-14
575,Jessica,Miller,639 Jonathan Stravenue,Marquezside,RI,67109,1983-04-15
576,Michael,Watkins,08519 Sarah Curve,West Zachary,NJ,97333,2006-04-14
577,Kimberly,Kelly,15960 Suarez Mews Apt. 935,Dalehaven,TN,78235,2010-10-28
578,Kathleen,Cannon,41710 Johnny Expressway,Susanland,WV,32678,1990-03-14
579,Elizabeth,Sawyer,450 Jennifer Burg,Chavezport,TX,04779,1994-02-25
580,Patricia,Gonzalez,547 Morgan Island Suite 877,Leemouth,NV,70312,1991-12-13
581,Tiffany,Riggs,6797 Douglas Gardens,North Justinhaven,AZ,72605,2008-10-10
582,Lynn,Lowery,32853 Foster Loop Suite 539,Yolandahaven,CO,06631,1987-10-12
583,Gregory,Walsh,75498 Hubbard Fork,Nathanburgh,AK,65181,2010-08-31
584,Brian,Hughes,72498 Dominic Hollow Apt. 239,West Briannaview,ID,49724,2009-07-06
585,Justin,Jackson,2249 Jeffrey Extensions Suite 515,Sarahside,IA,01023,2009-02-18
586,Michael,Thomas,81794 Donna Squares,Davidsonborough,MI,54892,1988-11-23
587,Kristin,Young,4610 Jill Common Suite 439,Jesseville,WA,78210,1997-09-13
588,Matthew,Marshall,447 Smith Square Apt. 966,Leblancborough,UT,88086,2011-02-12
589,Samantha,Morrow,37911 Joseph Neck Suite 173,Hansonburgh,AL,79822,1978-02-20
590,Ashley,Wright,29288 Brianna View Suite 635,Brandonbury,IA,59938,1996-06-20
591,Tammy,Schultz,19945 Liu Avenue Apt. 427,Brandonstad,MA,59450,2016-08-17
592,Joseph,Munoz,69382 Valerie Points Suite 768,New Tammychester,MO,42766,1973-12-14
593,Gina,Davis,808 Walker Mountains,North Josephberg,WI,35740,1996-08-23
594,Mark,Douglas,176 Caroline Alley,East Aliciaberg,MS,95504,1999-06-19
595,Manuel,Floyd,6047 Jeremy Highway Apt. 617,Lake Michaelbury,NY,08187,1992-08-23
596,Ashley,Rodriguez,036 Matthew Keys,Hawkinsstad,MO,48895,2013-08-10
597,Robert,Marquez,52910 Jones Square,Lake Valerie,HI,09893,1979-04-04
598,Daniel,Reyes,75900 Flores Shores,South Roberta,CA,77002,1996-12-22
599,Michaela,Lopez,36002 Anthony Squares Suite 964,Davidport,OH,57686,1998-02-18
600,Tina,Nelson,941 Charles Junctions Apt. 300,Woodwardville,AL,04812,1995-11-06
601,Gloria,Matthews,9720 Charlene Mountain,West Kristen,AK,21974,1975-01-26
602,Kathryn,Cardenas,64306 Carolyn Expressway Apt. 842,North Kristinaburgh,VT,06445,1979-10-03
603,Gerald,Roman,664 Michael Unions Suite 548,Port Leahside,MD,16977,1993-08-18
604,Tracy,Peterson,18590 Brenda Green Apt. 594,Stephenshire,RI,76372,1989-07-16
605,David,Cole,7963 Dyer Burg,Clarkberg,VT,48287,2007-10-27
606,Kristy,King,5808 Kelly Throughway Suite 410,Michaelburgh,MI,16517,2018-07-07
607,Robert,Riley,487 Steven Turnpike,Natalietown,OR,16156,2003-07-11
608,Kaitlyn,Williams,0561 Michele Manor Suite 581,Kleinside,NH,98704,2014-11-29
609,Dana,Hardy,93984 Brooks Islands,Michaelmouth,IA,53081,1980-04-30
610,Barry,Johnson,8413 Combs Haven,Jessicachester,MS,42752,2012-07-03
611,Rhonda,Jordan,2124 Bray Path,Diaztown,CT,36604,2016-12-06
612,Stacey,Hubbard,645 Abigail Knolls,Andrewsville,AL,15829,2017-05-03
613,Jeffrey,Campbell,71612 Weber Point Suite 978,North Shane,NV,08066,2006-04-02
614,Anthony,Parks,8966 Margaret Port Suite 233,Jamesland,MS,44788,1991-11-03
615,Jessica,Gutierrez,009 Raymond Divide,Westland,IN,04273,2012-01-01
616,Shannon,Williams,2447 Wilson Plaza Apt. 628,Henrymouth,WA,72782,1985-06-25
617,Casey,Jones,80227 Angelica Ranch,Bellmouth,DE,04249,2015-01-12
618,Bryce,Bailey,805 Barnes Glen Suite 289,Stephaniemouth,NH,67587,1975-12-18
619,Matthew,Barry,761 Lisa Wall,Boydborough,NE,66350,2016-04-19
620,Michael,Hood,3271 Russell Neck,Lake Maryland,NC,62622,1977-12-04
621,Mary,Ramos,0290 Hill Ports,North Stephen,DE,22030,1990-08-14
622,Andrea,Dennis,64151 Judy Glen,Amyfort,VT,10357,2011-06-06
623,Charlene,Stewart,012 Rodriguez Courts,Simmonsfort,ND,07269,1972-03-13
624,Christopher,Dorsey,6755 Chad Brook Apt. 470,Lake Kimland,DE,96838,1970-11-19
625,Susan,Carter,0538 Snyder Crossroad,Lake Allentown,IL,53249,1997-02-04
626,Nicole,Evans,732 Linda Points Apt. 083,Juarezberg,KS,72052,2009-04-15
627,Amy,Hernandez,0007 Lauren Forge Apt. 820,Destinyside,KS,12908,1977-02-25
628,Beth,Wallace,093 Joshua Trafficway Suite 376,Susanmouth,IL,44762,2012-10-15
629,Charles,Mcintosh,247 Roger Villages,North Annaside,WA,18718,2012-05-09
630,Nathaniel,Barber,090 Gonzalez Lodge Suite 040,Perezhaven,OK,03967,1980-10-07
631,April,Wright,452 Jones Springs Suite 691,Brownfort,CT,06139,2010-06-01
632,Yvette,Lynch,452 Wesley Mountains,East Stacey,NH,27996,1987-11-02
633,Heather,Peters,4989 Lauren Corner,New Brett,VA,19309,2006-12-11
634,Susan,Hill,68851 Glen Mount,Andreastad,NE,49606,1998-09-21
635,Gregory,Foster,367 Barbara Crossing Suite 541,Emilyfurt,ME,32633,2007-06-26
636,Joshua,Rodriguez,79283 Malone Crest,South Mary,RI,65923,1976-10-11
637,Tara,Molina,230 Kristy Loop Suite 768,West Tristan,CT,23582,2008-12-29
638,David,Lloyd,1604 Jason Wells,East Stacymouth,CO,06865,1971-01-16
639,Gary,Ortega,5528 Padilla Meadows,New Robinchester,AL,58533,1983-02-04
640,Laura,Newman,29555 Matthew Branch,Smithbury,CT,47822,2017-02-03
641,Brian,Boyle,02452 Robert Route Suite 398,Adamfurt,OH,36123,2011-03-28
642,Anna,Davis,596 Garcia Rue Suite 441,North Andrew,MO,09338,1997-11-19
643,Jackie,Cook,79330 Gomez Plaza,Port Robertstad,WA,43060,1993-10-07
644,Christian,Williams,50071 Smith Trace Suite 562,North Angelachester,MA,39504,1973-07-13
645,Joshua,Navarro,30312 Judith Mission Suite 566,North Stephaniemouth,MI,18794,2006-11-15
646,James,Carey,84209 Figueroa Spur Apt. 563,Karenfort,WY,10792,1987-01-06
647,Kevin,Martinez,68570 Samantha Hills,North Marcusstad,CA,99467,1972-11-13
648,Aaron,Martin,13945 Barrett Lane Suite 397,Lake Edwinchester,IN,67538,1977-11-07
649,Calvin,Miller,583 Rivera Ville,Alexandershire,AR,25268,1972-12-21
650,Connor,Combs,885 Edwards Valleys,East Carmenbury,ID,55296,2000-04-13
651,Cindy,Matthews,9007 Hunt Mill Apt. 791,Lake Theresa,ND,31672,1997-07-02
652,Jennifer,Johnson,6526 Cassandra Falls Suite 306,Port Joel,IL,34125,2003-07-21
653,Maria,Mcdonald,939 Kimberly Common Apt. 753,Reedton,UT,96756,2002-07-10
654,Anthony,Cowan,4834 Shelley Mission Apt. 089,Lake Danielview,MS,94685,1984-09-26
655,Jason,Horton,153 Mckenzie Springs Apt. 719,Goodmanville,LA,55619,1982-08-28
656,Johnny,Bernard,720 Dixon Fork Apt. 307,Port Davidburgh,IL,52990,1984-07-05
657,Matthew,Kelly,54496 Carol Junction,South Alyssa,ND,56081,1997-01-18
658,Michael,Edwards,62309 Johnson Forges Apt. 870,West Lisachester,VT,87072,2002-07-20
659,Amy,Warren,08460 David Drive Apt. 162,East Claudiabury,NM,82809,1986-07-18
660,Mark,Gomez,0941 Esparza Pine Suite 074,New Henryborough,SD,81035,2004-03-05
661,Brandon,Riley,22416 Mccoy Fall,West Alexandermouth,SD,06944,1995-08-07
662,Stephanie,Contreras,426 Harris Parkway,Farmerfort,CT,14823,1990-08-28
663,Debbie,Gray,64279 Laura Lake,Lake Austin,CT,64549,2006-08-28
664,Christopher,Mack,8197 Melvin Lock Apt. 527,Williamsbury,AZ,59973,1974-01-20
665,Jill,Lloyd,025 Omar Shore,South Jacobport,MS,75803,2018-03-29
666,Erin,Hudson,5487 Barrett Estate,West Aprilberg,NY,33758,1989-02-04
667,Renee,Smith,50951 Scott Inlet Apt. 421,West Laurie,MT,96532,1991-07-27
668,Jessica,Howard,13659 Jessica Fort Suite 988,Taylorshire,NY,50679,1975-02-15
669,Jason,Armstrong,95938 Black Wells,Hunterhaven,VT,30414,2016-09-01
670,Jennifer,Miller,89089 Jennifer Roads,New Mariahside,CT,55942,2017-07-01
671,Mary,Ramos,6380 Brown Pines Apt. 460,Port Stevenfurt,FL,24768,1988-10-06
672,Matthew,Ellis,459 Tina Village Apt. 729,West Andrea,NV,03547,2002-07-23
673,Jason,Jones,4157 Oneill Valley Suite 069,Kimberlyland,NE,72261,1995-09-14
674,Mike,Merritt,990 Cody Junction,Paulchester,KS,93053,1999-11-10
675,Sarah,Buchanan,50510 Courtney Creek,North Martin,WI,29182,2011-03-25
676,Michael,Thornton,27457 James Drive,Port Zacharychester,VT,45442,1999-04-30
677,Kelly,Mcgee,941 Melissa Oval,Philliphaven,MT,06138,2003-04-25
678,Janice,Huffman,9103 Scott Ramp Suite 659,Ashleystad,MI,22216,1992-11-29
679,Kevin,Thompson,5397 Jones Terrace,New Georgeville,OH,80249,1972-06-27
680,Christopher,Adams,8335 Smith Extension,Hillside,SD,69340,1989-10-02
681,Tammy,Mercado,887 Hensley Garden Suite 408,Port Michael,NH,63756,2008-05-17
682,Dawn,Davenport,710 Bell Expressway Apt. 287,East Vincent,OR,23345,2019-04-24
683,Charles,Byrd,7003 Nichols Ways,Yangville,ME,79122,2001-09-28
684,Angie,Young,521 Charles Stravenue Apt. 104,North Andrew,AK,39669,1988-03-21
685,Barry,Ortiz,1438 Simmons Corners,North Stephanieberg,CA,89662,2010-01-15
686,Christina,Patel,85109 Watts Cape,Rickyfort,VA,33184,2003-12-10
687,Jennifer,Hill,140 Brown Forks,Jamesland,NV,93250,1997-05-30
688,John,Cross,979 Thomas Skyway,Glenntown,IN,46099,1974-01-31
689,Stephanie,Moreno,01843 Timothy Cliff,South Andrea,KS,63405,1978-04-05
690,Ryan,Phillips,199 Nicole Mill Apt. 709,Anitamouth,WV,08366,1990-01-07
691,Amanda,Cox,0874 Neal Ramp,Port Vanessa,LA,43064,2004-01-29
692,Jason,Williams,54918 Justin Expressway Suite 045,West Kathleen,WV,40272,2011-07-11
693,Michael,Hanson,0157 Brad Crescent Suite 336,New Kendraton,ND,24519,1982-02-15
694,Danielle,White,6034 Clark Dale,Port Elizabeth,OK,47567,1979-03-21
695,Jackson,Wright,49464 Jillian Roads Apt. 332,Reedchester,WI,86444,1976-03-07
696,Melissa,Quinn,46037 Page Field Apt. 654,West Patricia,OR,50464,1994-10-15
697,Eric,King,477 April Cape,Martinfurt,SD,29239,1975-01-29
698,Deborah,Salazar,55526 Bartlett Junction,New Brandon,UT,43957,1989-01-14
699,Jeffrey,Romero,624 Jeffrey Rapids,East Robert,NH,96462,1970-05-08
700,Amanda,Dawson,03302 Flores Ways Suite 077,Chelseachester,WY,89385,1976-07-28
701,Daniel,Carter,10655 Williams Way,Taylorland,NJ,21475,1973-04-18
702,Eric,Bryant,701 Kimberly Glens Suite 037,Combsview,AL,45830,2007-12-31
703,Evan,Ross,16320 Hernandez Rue Apt. 121,Lisaberg,ID,91921,1977-01-26
704,Joseph,Horton,83246 Acosta Lodge Suite 803,Susanchester,DE,76176,1972-01-06
705,Bryan,Hartman,285 Erin Mall,New Michelleside,DE,75330,1993-01-09
706,Yolanda,Powell,5057 Cantu Lodge Apt. 970,Kelleyburgh,DE,80564,1988-07-02
707,Cynthia,Small,22912 Tammy Place Suite 780,South Mark,WI,83782,1978-11-05
708,Kathryn,Solis,151 Jennifer Views Apt. 276,Stephaniefurt,AR,65917,2014-10-16
709,Brittany,Palmer,267 Lopez Ville Suite 473,New Stephanie,NJ,98216,1978-12-12
710,Kim,Rowland,32065 Ashley Hill Suite 976,South Heatherton,KS,87213,1970-06-29
711,Becky,Gibson,017 Amanda Course,Lake Ashleyville,AZ,42614,1987-09-28
712,Chad,Fitzgerald,408 Archer Pike,South Elizabeth,MA,50915,2012-01-09
713,Jessica,Howard,46549 Ford Centers Apt. 610,West Savannahburgh,FL,36560,1976-03-23
714,Ashley,Lara,82189 Bolton Rest,Thompsonstad,IN,12873,1993-03-01
715,Antonio,Morris,21976 Brenda Glens,Jenkinsmouth,MA,76419,2012-09-08
716,Peggy,Lozano,2293 Hernandez Square Apt. 689,Lake Jamie,TN,04206,2001-05-06
717,Jordan,Peterson,6067 Richard Parkway,West Heatherview,MI,69611,1974-04-25
718,Richard,Johnson,9303 Bentley Ways,West Jackchester,IL,71268,1989-07-30
719,Jose,Moore,48675 Rodriguez Court,Wrightstad,MS,72970,2010-04-14
720,Matthew,Bender,407 Lucas Lodge Apt. 776,Thomasbury,KY,21543,2014-10-17
721,Monica,Smith,631 Cook Trail,East Tammy,AL,44672,1970-03-29
722,Nathan,Williams,046 Jennings Hills,Jacksonville,UT,48230,1983-02-02
723,Christine,Newman,07140 Erica Cape,Melissaberg,FL,79628,1981-12-31
724,Mitchell,Ware,166 Melissa Pines,West Christopher,NY,15392,1980-08-20
725,Anthony,Riley,97086 John Circle,Lake Christina,ME,49875,1982-05-06
726,Robert,Howard,2094 Buck Loop Suite 033,Port Donnafort,VA,34151,1978-11-19
727,Pedro,Hill,17329 Hart Corners Suite 095,Baxterville,MN,09695,2010-01-17
728,Jennifer,Collins,1157 Riddle Freeway,Clarkmouth,ME,90234,1996-06-23
729,Victor,Clayton,1861 Pruitt Vista,New Manuelside,NM,08916,1972-05-13
730,Daniel,Gordon,31282 John Village Apt. 392,Weaverland,NJ,80840,1977-07-23
731,Karen,Nguyen,4836 Barry Islands,Wilsonberg,NY,30915,1996-09-30
732,Samuel,Martinez,42607 Allison Viaduct Suite 195,Kristinfurt,IL,37650,1975-06-26
733,Stephanie,Manning,76470 Gutierrez Crest Apt. 147,South Donaldchester,NV,69445,2017-11-14
734,April,Garcia,0433 Daugherty River Suite 124,South Wayne,MO,51110,1994-09-10
735,Alison,Clark,65580 Ford Village Apt. 965,Sarafort,NC,43643,1970-04-05
736,Ashley,Page,909 Marshall Plaza Apt. 443,East Jeffery,UT,72115,1996-06-02
737,Jessica,Jackson,1613 Ramos Views,East Jaredburgh,LA,74074,2003-05-03
738,Elizabeth,Jones,16203 Christina Trail,Turnerborough,MO,41214,1982-04-27
739,Steven,Jones,682 Jennifer Hills Apt. 495,North Johnfort,NJ,61720,1973-09-08
740,Matthew,Smith,367 Kyle Junction Apt. 142,West Jasonmouth,CT,52132,2011-07-13
741,Eric,Marshall,075 Gordon Plain,West Debraburgh,MO,62540,2015-03-10
742,Ronald,Bell,15055 Garcia Viaduct,North Mark,MS,06507,1989-07-03
743,Samantha,Rasmussen,960 Jessica Rest Suite 575,New Lisa,OH,13307,1987-07-03
744,Duane,Riggs,35946 Bishop Row Suite 225,Hendersonshire,MT,11380,1997-05-26
745,Michael,Armstrong,0181 April Forest,Sarahmouth,AR,00747,2006-02-07
746,Steven,Payne,6518 Yoder Station,East Kevin,MO,16742,1983-01-20
747,Michael,Hopkins,444 Lowe Stravenue Apt. 692,Danielport,TN,90004,1973-05-31
748,Michael,Martinez,8216 Clay Grove Suite 475,Williamburgh,WV,22753,2009-07-05
749,Elizabeth,Ramirez,6549 Roberto Place Apt. 307,South Misty,WY,50316,1995-10-22
750,Kenneth,Martin,5207 Goodwin Alley,Dorseyberg,IN,27615,1982-07-07
751,Dean,Ali,753 Jennifer Village,Marquezfort,CO,37874,2002-05-13
752,Ariel,Smith,593 Wilson Fall,New Rhondafort,TX,91658,1998-08-21
753,Nancy,Wallace,00239 Banks Skyway Apt. 723,Stephensview,AK,63336,1975-06-22
754,Edward,Wells,70569 Lewis Field,East Susan,WI,56464,1971-05-29
755,Keith,Miller,158 Wendy Station Apt. 762,Port Walter,OR,19694,1999-10-11
756,Denise,Ramos,97604 Leslie Mountains Apt. 057,New Justintown,LA,50248,1979-09-02
757,April,Wood,9242 Horton Plains Suite 082,Andrewside,UT,39795,1970-04-21
758,Zachary,Williams,930 Henderson Drive,Heatherborough,VA,60627,1978-01-22
759,Bryan,Robbins,8389 Brenda Burg Apt. 775,Shellyside,ND,37303,2003-07-11
760,Andrew,Krueger,785 Cody Station Apt. 427,Lake Marcfurt,GA,63813,1993-08-01
761,Marcus,Robinson,9157 Blackwell Station,Sotoburgh,GA,36463,2016-04-02
762,Molly,Cummings,149 Jacob Tunnel,Jacobburgh,AZ,86740,2005-11-04
763,Bonnie,Baldwin,25062 Suzanne Loop,Watersport,KY,07963,1970-11-11
764,Steven,Avery,072 Tamara Turnpike,Melissafort,NH,82049,1986-02-04
765,Bobby,Aguilar,200 Kayla Lake Apt. 347,Jensenside,ND,37540,1986-03-05
766,Alicia,Chapman,412 John Row,Port Susan,OK,75110,2013-10-16
767,Jennifer,Cunningham,181 Gail Circle Suite 961,New Michael,SC,73668,1985-04-02
768,Leah,Summers,313 Diaz Prairie,Robertmouth,DC,66992,2015-10-21
769,Jason,Myers,8843 Rogers Island,North Clinton,ND,15541,1981-01-11
770,Billy,Stanton,6336 Baker Flat,Christopherfort,NY,47209,2007-10-07
771,Joel,Williamson,5897 Theresa Hills Suite 521,West Scott,HI,31655,2014-10-20
772,Nicholas,Murphy,54560 Oliver Curve Suite 157,West Branditown,CT,78203,1977-02-28
773,Jessica,Robbins,62143 Morris Crossing,East Douglasshire,UT,59957,1984-02-08
774,Audrey,Marshall,7996 Larry Row,Oscarmouth,MT,20740,2013-11-26
775,Michael,Harper,678 Karen Causeway Suite 987,Reesetown,NH,80950,1970-02-12
776,Dustin,Hendricks,3244 Perez Burg,Port Mark,DE,34041,2019-05-31
777,Susan,Merritt,095 Clark Harbor Apt. 863,North Dorothychester,MD,82448,1996-04-10
778,Cody,Romero,79401 Danny Manor Apt. 096,Nicholasland,NV,08204,2010-03-28
779,Kaitlyn,Bush,4779 Walls Parks,Port Dianaport,TN,88402,1985-06-29
780,Scott,Shaw,74998 Cooper Streets,Lake Williamshire,MN,20613,1970-10-30
781,Dustin,Rogers,3523 Hunter Court Apt. 446,East Amandamouth,OR,76650,2018-06-28
782,Elizabeth,Michael,1962 Erika Wall Suite 741,East William,NH,14638,1979-01-09
783,William,Lane,338 Garcia Mall,West Daniel,FL,93746,2013-09-24
784,Kim,Johnson,355 Martin Cape Suite 918,West Lindseyhaven,LA,80632,2001-10-01
785,Barbara,Barrett,4649 Morales Plains,East Heathermouth,ND,37793,1992-01-30
786,Katrina,Moore,2794 Avila Key Suite 370,Lindseystad,CO,42347,1996-08-16
787,Timothy,Harper,463 Osborn Bypass Apt. 834,Sanchezchester,TN,22491,1970-10-04
788,Brianna,Galloway,943 Jason Valleys,West Brittany,ME,38718,2013-08-16
789,Maria,Clark,1445 Steven Lodge,Lake Joshua,DE,40184,2012-05-24
790,Lisa,Rodriguez,592 Wagner Ferry,Olsenborough,PA,94537,2013-04-17
791,Anthony,Singh,999 Michele Extension,Mendezland,MI,06176,2012-07-14
792,Ronald,Walker,84976 Kelsey Meadows Apt. 888,Port Dennis,SC,90179,1985-04-15
793,Valerie,Becker,91268 Marshall Canyon Suite 563,West Katherineborough,VT,02625,2006-05-15
794,Marcus,King,7770 Ashley Crest,South Rachael,WY,52312,1974-09-09
795,Paul,Willis,64318 Grimes Overpass Suite 226,Scottchester,MD,22352,2008-07-17
796,Haley,Gibbs,88539 Allen Flat,Burtonfort,MN,59522,1987-04-06
797,Joshua,Galloway,71919 Kathryn Gardens,Melissashire,NJ,13399,1990-11-27
798,Christina,Padilla,55194 Smith Manor Apt. 147,South Kathyland,AR,54765,2017-11-11
799,Jennifer,Rivers,6575 Cox Alley,Smithmouth,KY,79037,1997-06-17
800,Laura,Campbell,66276 Rebecca Summit,New Nicholasfurt,UT,96411,2006-04-09
801,James,Turner,1317 Kristine Fords,Maloneport,MO,29642,1997-06-24
802,Molly,Taylor,99341 Douglas Fork Suite 872,Elizabethbury,LA,20720,2004-10-01
803,Elizabeth,Campbell,0520 Harrington Brook Suite 085,North Jasmineport,NY,84429,1997-09-15
804,Jennifer,Olson,18921 Ashley Causeway Apt. 056,Palmerville,AR,79725,1990-10-13
805,Alexandra,Allen,406 Timothy Curve Apt. 089,North Robertberg,SC,96059,1998-01-31
806,David,Montoya,77059 Randall Park Suite 537,New Jamesmouth,VT,98442,1986-01-28
807,Kathy,Hernandez,2613 Mike Trail,Andrewmouth,LA,76461,2007-11-16
808,Gabriel,Cox,7730 Luis Street Suite 288,Samanthaton,UT,04374,1998-10-02
809,Sharon,Anderson,5350 Richard Island,Port Nicholas,AR,98145,1975-01-05
810,Brandy,Lopez,592 Tyler Plain Apt. 471,Maryview,SD,66920,1976-10-20
811,Brenda,Martin,1772 Crystal Fields,Karenfurt,TX,17660,2008-06-20
812,Patricia,Ellis,1061 Barnett Mission,Port Matthew,PA,59259,1986-03-03
813,Bryan,Glenn,148 Melissa Trail Suite 973,Lake Jesus,NC,45867,2015-06-10
814,Zachary,Miranda,4461 Allison Inlet Suite 936,North Teresa,SD,26152,2015-05-08
815,Nicole,Owen,1162 Choi Flat Apt. 155,North Lee,WV,31134,2007-03-28
816,Frank,Brown,0778 William Isle Apt. 934,New Charlesberg,IN,51777,2012-09-19
817,Jessica,Rhodes,2886 Michael Street Apt. 836,West Angiestad,CO,29826,1971-07-27
818,Justin,Jones,992 Chapman Port,Lake James,CO,73334,1985-09-26
819,Nicholas,Mason,184 Tyler Harbor Suite 227,New Thomas,FL,33063,2001-09-16
820,Kyle,Jimenez,57818 Morrison Walk Apt. 919,Tashastad,MD,43998,1979-09-11
821,John,Shelton,6443 Albert Courts,Marthashire,MT,19716,2010-06-09
822,Karen,Jenkins,1969 Monica Cliffs,Port Sherrytown,FL,17938,2004-02-05
823,Fernando,Cummings,103 Martin Trail Suite 037,North Julie,PA,96784,2008-05-07
824,Jennifer,Moore,7715 Ho Circles,Millertown,WA,58320,2000-08-11
825,Robin,Williams,0189 Christopher Corners Suite 446,Port Lori,MD,81368,1999-12-23
826,Austin,Brown,6561 Matthew Stravenue Suite 679,Griffithfurt,MT,42919,2014-10-20
827,Robert,Graves,813 Butler Stravenue Apt. 959,South Katherineton,NJ,50927,1974-07-22
828,John,Bryant,1855 Kevin Trafficway,New George,OH,74169,1972-04-08
829,Kathryn,Little,08294 Stephen Harbor,North Elizabeth,KY,88205,1996-10-23
830,Lauren,Navarro,789 Andrews Passage Apt. 118,Danielfort,OH,09013,2000-08-02
831,Thomas,Boyer,675 Matthew Court Suite 048,Grayberg,MD,85937,1999-09-21
832,Stuart,Hurst,953 Lee Forges Apt. 233,West Lori,DE,33757,1976-12-15
833,Blake,Hernandez,4056 Miller Ramp Suite 495,Lake Richardhaven,SC,75520,1976-04-16
834,Kristin,Walker,52599 Rosario Via,South Jeremy,NE,85458,1975-10-15
835,Ryan,Velasquez,9812 Nelson Extension Apt. 952,Matthewville,NE,01435,1991-07-11
836,Edgar,Rhodes,84988 Rhonda Parkways,Erikstad,CT,99503,1995-06-27
837,Nathan,Hall,1576 Perez Highway,Nathanielfurt,FL,02709,2007-10-11
838,Kimberly,Henry,489 Nguyen Harbor,South Danielleview,MO,12567,2011-03-06
839,Mackenzie,Mccullough,264 Patricia Walks Apt. 396,West Scottville,UT,83334,2013-08-11
840,Jennifer,Novak,064 Lindsey Rest Apt. 216,South Chadville,NH,30449,2009-09-01
841,Jared,Cunningham,673 Walsh Hills,Wallerchester,FL,84812,2014-11-14
842,Nicole,Salazar,8846 Marc Estates Apt. 455,Morganland,NE,98054,1992-02-20
843,Christina,Thomas,3097 Michelle Village Suite 521,North Jennifer,NE,56129,1973-07-15
844,Marcus,Taylor,3473 Stephen Route Apt. 535,Cynthiafort,MN,26078,2003-01-20
845,Christian,Sanders,82484 Chan Highway,East Sarah,GA,00703,1970-11-04
846,Kathryn,Dunn,13083 Rebecca Squares,Mcneilstad,WI,53771,1991-01-10
847,Jason,Mathews,494 David Views,Port Debra,CO,86405,2002-01-25
848,George,Cline,50774 Wells Stravenue,Johnfurt,RI,96471,1992-02-27
849,Nathan,Roberts,23573 Hardy Estate,East Tracyborough,NV,70689,2014-05-15
850,Angela,Warren,9550 Veronica Locks,Boyertown,PA,66575,2009-06-17
851,Christine,Crawford,62674 Kathleen View Apt. 081,Markshire,NE,03466,1981-11-20
852,Katherine,Watson,6445 Matthew Forks Suite 816,South Paulton,AR,77970,1986-05-08
853,Samuel,Arellano,5307 Lewis Row,Mcdonaldview,HI,68379,2017-11-23
854,Duane,Smith,87975 Green Canyon Apt. 098,East Brandy,NV,40629,1998-09-21
855,Caitlin,Haynes,80159 Valerie Courts,South Sharon,FL,56968,1986-04-06
856,Patrick,Bailey,88462 Heath Mews Suite 616,Martinport,WI,89903,1989-07-31
857,Bailey,Ruiz,49162 Le Junction Suite 683,North Kellyville,OK,37956,2011-01-16
858,Christine,Vazquez,01053 Shannon Divide,Port Kenneth,ND,75675,1990-02-20
859,Yvonne,Pena,45128 King Falls,West Nathan,FL,91282,1986-09-12
860,Thomas,Quinn,165 Weber Unions Apt. 914,Luceroshire,CT,45633,2013-03-31
861,Kimberly,Navarro,5095 Goodwin River,Port Megan,MN,36710,1973-07-03
862,Patrick,Barron,2729 Williams Turnpike Apt. 073,Josephfurt,MT,79620,1997-12-09
863,Craig,Hall,8765 Mills Plain,Adrianhaven,AZ,72246,1983-06-06
864,Heather,Martin,65520 Tucker Cove Apt. 764,Margaretbury,NC,48891,1984-07-17
865,Luis,Boyle,5786 Owen Trace Suite 277,South Denisehaven,OK,62000,1989-01-15
866,Zachary,Lee,93007 Cook Extensions Suite 632,North Jennifer,NC,05788,2017-04-10
867,Phillip,Dorsey,587 Sanders Valley Suite 497,North Alexis,CA,41458,2002-03-02
868,Yesenia,Snyder,6530 Lisa Port,West Kelly,RI,92233,1989-07-01
869,Nicholas,Shaffer,35768 Laura Lane Suite 592,Austinshire,IA,32995,1970-06-09
870,Brianna,Lynch,563 Ana Mews,East Eric,KS,81430,1981-10-20
871,Rebecca,Anderson,381 Isaiah Landing,Juanborough,WA,78008,2004-01-21
872,Nicholas,Hines,5992 Chavez Trail,East Amanda,MI,64114,1990-07-21
873,Danielle,Steele,77089 Miller Inlet,Geraldland,HI,91069,2001-07-19
874,Nicole,Alexander,601 Montoya Rue,New Markberg,MA,19976,2014-03-22
875,Steven,Lopez,18833 Tasha Plaza,Leside,CO,09952,1999-07-08
876,Emma,Blake,22114 Robert Stream,South Shawnaside,FL,36921,1997-11-25
877,Aaron,Thompson,885 Burgess Bridge Suite 900,New Julianshire,LA,13990,1976-04-22
878,Angela,Flores,07014 Kimberly Port,Whitneyhaven,ME,77920,1977-10-31
879,David,Adams,03979 Koch Drive,West Brittney,RI,09851,1987-07-04
880,Gloria,Walker,85109 Jessica Fall,West Megan,IL,97157,1980-12-16
881,Ryan,Knight,846 Anna Pines Apt. 317,Wandabury,OH,33648,2012-12-02
882,Kevin,Mccann,30651 Meza Crest Suite 502,Thomaschester,IN,69531,1988-06-24
883,Margaret,Smith,622 Brown Canyon Suite 080,West Meganshire,WA,03150,1984-05-03
884,Tammy,Owens,0718 Annette Plains,Huffside,ND,39484,1983-01-15
885,Maria,Wood,3901 Richard Park,Taraberg,ME,24406,2018-10-18
886,Jason,Williams,22444 Christine Place Apt. 912,Michaelburgh,CT,15645,2017-11-27
887,Amy,Ibarra,44227 Thomas Trafficway Suite 938,Thompsonmouth,IL,32294,1992-12-02
888,Jennifer,Roberts,55352 Stephanie Ridge Suite 597,Goodmanborough,MN,19318,1982-02-25
889,John,Johnson,857 Rodriguez Walk,Lake Nancy,OK,49574,1997-10-27
890,Lindsay,Gonzalez,22154 Destiny Junction Apt. 707,Markview,TX,63652,2007-07-07
891,Robin,Hopkins,495 Sherman Viaduct,Amberland,FL,85657,2002-11-28
892,Brenda,Krueger,17703 Victoria Junctions Apt. 765,Brettbury,OH,95488,1988-01-19
893,Kimberly,Meyer,61611 Michael Field Apt. 983,Rogershaven,AK,32752,1975-08-08
894,Joanna,Castillo,234 Rebekah Forges Apt. 641,Martinbury,AK,48005,2000-10-30
895,Timothy,Walker,87959 Dudley Rest Suite 401,Lake Robert,MS,56731,1991-12-02
896,Andrea,Cunningham,501 Olivia Plaza Apt. 618,Amberton,NY,14483,2015-01-15
897,Bailey,Robles,86943 Goodwin Well,East Lisa,VT,27330,2000-11-22
898,Sheri,Cook,53279 Eric Crossing,Christinafort,IL,88885,2010-05-23
899,Pamela,Petty,3943 Daniel Valley,Jonesstad,ME,25298,1995-10-08
900,Robert,Garcia,9401 Christopher Loaf Suite 671,Port Dianatown,IN,40153,1990-02-26
901,Lori,Robinson,523 Gaines Squares,West Daniel,TX,97352,1984-11-23
902,Douglas,Morgan,257 Sherri Land,Lake Meganhaven,WI,79478,1971-12-16
903,Mary,Buchanan,830 Lori Walk Apt. 413,New Jeremiahshire,RI,71722,2008-02-15
904,Jenny,Johnson,491 Clark Cliffs Suite 634,South Jessicaport,OR,09447,2018-02-04
905,Kenneth,Davis,0691 Hines Drive,Hannahton,CT,03597,2007-06-26
906,Jonathan,Ingram,190 Reed Brook,North Chrishaven,TN,28577,2002-10-17
907,Anna,Khan,26124 Jessica Village,New Jacobburgh,NV,20020,1975-09-25
908,Katie,Tran,897 Logan Light Suite 004,Henrybury,HI,32071,2001-04-23
909,Adam,Garcia,4545 Hannah Forges,New Tina,MN,82149,1989-12-24
910,Bridget,Houston,18646 Castro Ranch,Audreyhaven,MA,53050,1986-10-24
911,David,Rodriguez,97895 Megan Cove Apt. 511,Melissashire,AR,27922,2006-04-23
912,Brandon,Boyd,24964 Cynthia Place Suite 338,Port Garyside,NH,84169,1983-11-29
913,Robert,Brown,895 Spence Streets Apt. 401,South Brookechester,NJ,14045,2014-04-02
914,Ashley,Price,64355 Miller Greens,Terrancemouth,WV,44842,2013-06-05
915,Heather,Williams,6802 Jose Mount Suite 595,New Jaredton,GA,27711,1993-07-10
916,Nicholas,Lee,123 Dawson Manors,Maddoxberg,GA,29888,1995-05-06
917,Holly,Jackson,146 Christian Squares Suite 777,Lindseyville,NY,24972,2018-01-31
918,Jacob,Spencer,13673 Sierra Pike Suite 919,North Kristen,SD,12391,1989-01-25
919,Catherine,Peters,404 Jones Vista Apt. 348,Moralesland,GA,53848,2000-11-10
920,Amanda,Ellis,0828 Dean Ville,New Sherylview,AL,51839,2000-01-24
921,Charlotte,Perez,71678 Lowe Orchard Apt. 531,Dustinshire,MN,09002,1972-05-17
922,Matthew,Solis,19067 Stephanie Walks Suite 572,West Amanda,DE,73161,2014-03-26
923,Leslie,Brown,0616 Brian Stravenue,Orozcoland,MN,52295,2010-08-25
924,Jessica,Olson,051 Michelle Land Apt. 659,West Krystalmouth,PA,35385,2018-10-20
925,Sharon,Baker,48326 Mcdowell Estates Apt. 651,South Isabella,LA,22481,1987-10-16
926,Alexa,Taylor,985 Benjamin Trail,Port Richardhaven,WI,19112,1990-05-26
927,Neil,Hutchinson,841 Byrd Highway Apt. 160,Lake Joyceton,OH,76502,1994-12-07
928,Debbie,Rivera,24765 Darryl Hills,Ryanmouth,VT,48156,1992-06-17
929,Yolanda,Glenn,4492 Brian Ports,Rebeccabury,NC,57427,2015-10-12
930,Abigail,Kim,421 Chen Fork Suite 381,Chanmouth,NC,26896,2015-03-31
931,April,Flores,5353 Rose Island Suite 205,Alvarezmouth,VA,81096,2002-01-13
932,Teresa,Pierce,95364 Amber Ramp Apt. 038,Lake Nicoleberg,MO,75146,1979-11-10
933,Jennifer,Clark,59073 Burnett Fords,Jameshaven,IA,61528,2004-01-02
934,Haley,Nguyen,46596 Marvin Forks,Harveyshire,AZ,48317,2000-09-11
935,Diane,Hale,14417 Sarah Ways,North Russellhaven,GA,23475,1982-04-18
936,Gabriel,Johnson,08003 Church Road Suite 563,Woodtown,SC,41449,1977-05-17
937,Jacqueline,Freeman,61162 Ann Cliff Apt. 445,Randyfurt,NJ,43824,1990-04-22
938,Desiree,Ortiz,391 Sims Hills,Lanefurt,AL,35205,1987-09-03
939,Kenneth,Fox,8404 Peter Square,West Marcusfurt,CT,43932,1977-08-23
940,Andrew,Cardenas,19507 Gary Falls,Francisland,DE,20054,2000-03-16
941,David,Nelson,504 Terry Land Apt. 614,Kellyland,MO,37454,1986-03-28
942,Lisa,Knapp,8506 Beasley Drive,South Bonnie,IA,11453,1973-01-02
943,Manuel,Buchanan,195 Wallace Orchard,Kathyfurt,GA,93788,1996-04-05
944,Manuel,Jones,36577 Brian Island Apt. 247,North Richardtown,MN,35243,1979-07-24
945,Molly,Garcia,0369 Karen River Apt. 111,Batesmouth,MI,53008,1996-05-12
946,Sandra,Rodriguez,94723 Lewis Hill,Johnnyfort,MN,34626,1990-08-18
947,Sarah,West,571 Bryan Common Suite 300,Jordanview,WV,80719,2016-06-16
948,Jennifer,Duncan,996 Adams Valley,New Williamborough,ID,51816,1972-04-12
949,Rebekah,Villa,442 Graham Well Suite 856,Port Laurenshire,NC,41949,1983-12-07
950,Samantha,Moore,20944 Joseph Expressway Apt. 130,Arthurmouth,CA,87233,1973-09-21
951,Michael,Rice,0291 Hughes Walk Suite 297,South Samuelhaven,RI,65609,1976-10-24
952,Patrick,Turner,021 Wiggins Dale Apt. 904,North Bailey,ID,83436,2008-09-11
953,Ryan,Contreras,25737 Rivers Village,Lake Tammymouth,CA,40210,1996-05-13
954,Pamela,Smith,48703 Carter Mountain Apt. 007,Charlesbury,FL,96903,2018-06-01
955,Rebecca,Marshall,88039 Anthony Isle Suite 565,North Anthony,SD,66941,1996-01-23
956,Jennifer,Nguyen,949 Kathleen Courts,Tylerport,FL,29050,2007-06-23
957,Ryan,Collins,905 Stephanie Garden Apt. 348,Richardview,NJ,43871,2008-12-17
958,Brandon,Austin,263 Nunez Landing Apt. 639,West Megan,MT,75704,1981-02-16
959,Alexandra,Orozco,170 Lewis Landing Suite 712,Melanieton,WY,78430,2009-04-19
960,Wendy,Wu,002 Jessica Creek,East Lindseyburgh,OK,21835,1977-05-10
961,Nancy,Jacobs,485 Kaitlyn Manor,East Hannah,NM,89840,2017-10-11
962,Amanda,Leonard,6662 Elizabeth Shores,Paulland,ND,94088,2012-01-30
963,Ashley,Brown,520 Adams Spring,Johnshire,IL,67410,2016-09-25
964,Melissa,Long,98184 Smith Meadows Suite 673,Edwardsshire,VA,87582,1973-11-21
965,Jose,Mullen,910 Kelly Creek Apt. 799,Port Dustin,LA,50854,1977-01-26
966,Susan,Brown,306 Bell Inlet Suite 715,Gibbsmouth,CT,39758,2002-10-19
967,Jeremy,Rodriguez,5703 Haas Forest,New Tommy,MI,40685,2013-11-30
968,Austin,Reyes,3705 Robert Landing,New Vickiemouth,NJ,81612,2003-06-24
969,Robert,Schwartz,2045 Stevens Tunnel Apt. 085,Reidland,ME,77850,2006-02-05
970,Erin,Garrison,85454 Craig Well,West Melissaland,VT,15402,1991-11-03
971,Emily,Martinez,66151 Sabrina Mountain Suite 519,West Patricktown,OR,49630,2004-08-31
972,Jason,Keith,5218 Rose Passage,South Chad,TX,96465,2002-08-22
973,Travis,Hodge,44651 Thomas Mews Suite 878,East Julie,NJ,14701,2010-10-02
974,Richard,Clark,539 Thomas Trace Apt. 094,Robinsonstad,IA,33513,1992-06-10
975,Dylan,Barton,23455 Tiffany Track,Younghaven,PA,62236,1977-04-02
976,Nicholas,Maynard,6429 Daniel Extensions,Victorland,ID,32996,1972-07-16
977,Javier,Burns,514 Bradley Ferry Apt. 985,Savageberg,MA,68151,1980-03-03
978,Anna,Thompson,6902 Logan Terrace,Port Michaelton,IN,03109,1990-06-08
979,Monica,Bowen,272 Armstrong Crescent Apt. 325,East Karenstad,NH,65470,1980-10-27
980,Elizabeth,Reed,67292 Anthony Wall,Nathanberg,OR,44905,1972-01-15
981,David,Rich,6254 Angela Islands,South Monicamouth,VT,54361,1977-01-17
982,Cynthia,Delgado,953 Stafford Village Apt. 269,New Lisachester,NE,16408,1993-02-06
983,Evan,Smith,0211 Mary Centers,Riveraside,SD,60273,2018-09-17
984,Jonathan,Hardy,38550 Timothy Bridge,Davidsonstad,AZ,86852,2007-09-23
985,Sharon,Morales,47200 Michael Manor,Riveramouth,KY,69917,2007-08-31
986,Sergio,Patel,081 Krista Spring Suite 458,New Ryan,NV,31156,1976-08-24
987,Joseph,Hill,622 Raymond Parkway,East Nathan,KY,67098,2019-03-12
988,Christopher,Norton,333 Kevin Square,South Deborah,ND,47850,2008-06-21
989,Rebecca,Scott,4921 Kristina Trace,Justinshire,LA,12941,1975-09-12
990,Holly,Warner,4828 Christina Courts Apt. 202,New Craig,MI,45010,1988-04-29
991,Matthew,King,6380 Brianna Pine Suite 484,South Rebecca,LA,05772,2012-06-24
992,Kimberly,Grant,529 Paul Cove,South Johnburgh,IA,76446,1993-10-16
993,Matthew,Barry,478 Stephanie Lane Apt. 842,East Scott,VT,89133,2014-03-31
994,Darren,Faulkner,84522 Robin Rapids Apt. 774,West Colemouth,TX,03738,1991-08-08
995,Barry,Greene,7638 Ward Path Suite 117,New Terryside,MA,92215,1982-05-06
996,David,Mcbride,009 Laurie Land,Aprilland,RI,81263,1998-03-08
997,Donald,Armstrong,20253 Hayes Coves,South Christina,SC,37706,2009-05-25
998,Laura,Shaffer,638 Lee Brook,South Samanthaville,SC,38609,2016-08-28
999,Jerry,Francis,7427 Karen Track,East Leslie,MO,21852,1981-11-20
